pais,anio_trim,anio,trim,pib_bc_usd,pib_bc_g,pib_bc_des,pib_bc_des_g,pib_bc_int_g,pib_bc_des_int_g,pib_cepal_usd,pib_cepal_des,pib_cepal_g,pib_cepal_des_g,pib_cepal_int_g,pib_cepal_des_int_g,viirs_bm_sum,viirs_bm_mean,viirs_bm_g,viirs_bm_mean_des,viirs_bm_mean_des_g,viirs_bm_int_g,viirs_bm_mean_des_int_g,viirs_csm_sum,viirs_csm_mean,viirs_csm_g,viirs_csm_mean_des,viirs_csm_mean_des_g,viirs_csm_int_g,viirs_csm_mean_des_int_g,co2,co2_g,co2des,co2des_g,co2_int_g,co2des_int_g,ndvi_gee,ndvi_gee_g,ndvi_gee_int_g,ndvi_wfp,ndvi_wfp_g,ndvi_wfp_int_g,evi_gee,evi_gee_g,evi_gee_int_g,ndbi_gee,ndbi_gee_g,ndbi_gee_int_g,temp_air,temp_air_g,temp_air_int_g,temp_ls,temp_ls_g,temp_ls_int_g,precip,precip_g,precip_int_g,disaster_occurrence,disaster_count,flood_count,mass_movement_(wet)_count,drought_count,storm_count,earthquake_count,volcanic_activity_count,extreme_temperature_count
SLV,1990 Q1,1990,1,,,,,,,1064699876.85682,1134763693.08222,0,0,0,0,,,,,,,,,,,,,,,,,,,,,,,,,,,,,,,,,26.0061552235149,0,0,,,,797.514770848873,14.5331017723351,36.4450102769017,0,0,0,0,0,0,0,0,0
SLV,1990 Q2,1990,2,,,,,,,1224396774.99073,1201858580.90638,14.9992407818589,5.91267487964108,0,0,,,,,,,,,,,,,,,,,,,,,,,,,,,,,,,,,25.7434675529996,-1.01009806431448,0,,,,8368.34725692584,949.303105448266,2.54110606774117,0,0,0,0,0,0,0,0,0
SLV,1990 Q3,1990,3,,,,,,,1226494025.82379,1228210257.28989,0.171288496988724,2.19257713030072,0,0,,,,,,,,,,,,,,,,,,,,,,,,,,,,,,,,,24.9679624511513,-3.01243451470454,0,,,,9548.02347239755,14.0968841188489,-4.81345621907847,0,0,0,0,0,0,0,0,0
SLV,1990 Q4,1990,4,,,,,,,1301951526.3554,1252037628.4074,6.15229254630311,1.94000750083998,0,0,,,,,,,,,,,,,,,,,,,,,,,,,,,,,,,,,24.4800739933153,-1.95405796043828,0,,,,748.583445548923,-92.1598072343139,7.50595109715795,0,0,0,0,0,0,0,0,0
SLV,1991 Q1,1991,1,,,,,,,1180266760.7554,1277874023.33586,-9.34633610673945,2.06354779938397,10.8544094359956,12.611465376102,,,,,,,,,,,,,,,,,,,,,,,,,,,,,,,,,26.0145197593871,6.26814186301411,0.0321636774075446,,,,540.818019702756,-27.7544777514839,-32.1870842433288,0,0,0,0,0,0,0,0,0
SLV,1991 Q2,1991,2,,,,,,,1354812088.10583,1306525616.34873,14.7886336508127,2.24212970055341,10.6513930597447,8.70876466708884,,,,,,,,,,,,,,,,,,,,,,,,,,,,,,,,,25.7906612073377,-0.860513875020263,0.183322834194603,,,,6602.02508021248,1120.74798540202,-21.1071806951069,0,0,0,0,0,0,0,0,0
SLV,1991 Q3,1991,3,,,,,,,1330711827.31398,1333694127.08622,-1.77886372607913,2.07944722993003,8.49721232194269,8.58842117383758,,,,,,,,,,,,,,,,,,,,,,,,,,,,,,,,,25.0492517178044,-2.87472075094541,0.325574290702039,,,,7756.5023404606,17.4867142463349,-18.7632669433215,0,0,0,0,0,0,0,0,0
SLV,1991 Q4,1991,4,,,,,,,1386551676.18992,1333690713.35459,4.19623901507298,-0.000255960610514573,6.49794928013519,6.52161589193236,,,,,,,,,,,,,,,,,,,,,,,,,,,,,,,,,24.7339954645934,-1.25854559155112,1.03725777686545,,,,451.548521836926,-94.1784518070537,-39.6796009153244,0,0,0,0,0,0,0,0,0
SLV,1992 Q1,1992,1,,,,,,,1299945324.51634,1364313998.28095,-6.24616832973467,2.29613092598766,10.1399588415371,6.76435809528709,,,,,,,,,,,,,,,,,,,,,,,,,,,,,,,,,25.9994275945623,5.11616544840241,-0.0580143895193539,,,,539.969332531818,19.5816853380874,-0.156926570494902,0,0,0,0,0,0,0,0,0
SLV,1992 Q2,1992,2,,,,,,,1436413200.18683,1423454389.35227,10.4979704220456,4.33480790681891,6.02305757362167,8.94959666618047,,,,,,,,,,,,,,,,,,,,,,,,,,,,,,,,,25.5658977823035,-1.66745906494284,-0.871491518682809,,,,7946.79732941234,1371.71271600764,20.3690872552179,0,0,0,0,0,0,0,0,0
SLV,1992 Q3,1992,3,,,,,,,1473756267.67523,1480362272.84029,2.59974410451971,3.99787193138767,10.7494678731445,10.9971351583067,,,,,,,,,,,,,,,,,,,,,,,,,,,,,,,,,24.9943703816903,-2.23550686731147,-0.219093714783587,,,,9183.40225584879,15.5610477425867,18.3961772040599,1,1,1,0,0,0,0,0,0
SLV,1992 Q4,1992,4,,,,,,,1603284534.90409,1545994409.29699,8.78898838769206,4.43351858263552,15.6310696843068,15.9185104774704,,,,,,,,,,,,,,,,,,,,,,,,,,,,,,,,,24.6786108979918,-1.26332241571406,-0.223920824602853,,,,607.169114388455,-93.3884077221843,34.4637586052669,0,0,0,0,0,0,0,0,0
SLV,1993 Q1,1993,1,,,,,,,1528580132.93149,1585446188.94623,-4.65946002386089,2.55187078374882,17.5880326736216,16.2083062215816,,,,,,,,,,,,,,,,,,,,,,,,,,,,,,,,,26.084872626415,5.6983017976009,0.328641973143186,,,,793.779708451731,30.734533368225,47.0045909329412,0,0,0,0,0,0,0,0,0
SLV,1993 Q2,1993,2,,,,,,,1681353729.37,1675844599.43114,9.99447743348089,5.70176465875474,17.0522332398025,17.7308252352025,,,,,,,,,,,,,,,,,,,,,,,,,,,,,,,,,25.0660675641288,-3.90573140562134,-1.95506616834207,,,,7994.92044502849,907.196374498235,0.605566162333656,1,1,0,1,0,0,0,0,0
SLV,1993 Q3,1993,3,,,,,,,1682057456.10637,1693202811.32162,0.0418547700033218,1.03578887304779,14.1340324041318,14.377598131636,,,,,,,,,,,,,,,,,,,,,,,,,,,,,,,,,24.5638530157592,-2.00356337141743,-1.72245733481853,,,,10411.788870438,30.2300497175359,13.3761603855141,0,0,0,0,0,0,0,0,0
SLV,1993 Q4,1993,4,,,,,,,1788277833.70801,1726400949.06828,6.31490780627192,1.96067107405447,11.5383947625358,11.6692879797234,,,,,,,,,,,,,,,,,,,,,,,,,,,,,,,,,24.6385479395307,0.30408472043683,-0.16233879056953,,,,184.350978055934,-98.229401495267,-69.6376225853297,0,0,0,0,0,0,0,0,0
SLV,1994 Q1,1994,1,,,,,,,1699841479.24406,1768803033.45538,-4.94533638995996,2.4560971430179,11.2039495099369,11.5649995431897,,,,,,,,,,,,,,,,,,,,,,,,,,,,,,,,,26.3691246155369,7.02385822514194,1.08971967466713,,,,630.155213755464,241.823634678124,-20.6133380526214,0,0,0,0,0,0,0,0,0
SLV,1994 Q2,1994,2,,,,,,,1913523271.13677,2401087925.91529,-28.4871916012782,1.86150161604054,-19.5221221525286,4.30194478396144,,,,,,,,,,,,,,,,,,,,,,,,,,,,,,,,,26.0404279073931,-1.24652112247267,3.88716874225092,,,,5785.06769579373,818.038535508915,-27.6407096784674,0,0,0,0,0,0,0,0,0
SLV,1994 Q3,1994,3,,,,,,,1959009971.80056,2562263719.8491,2.3771177152587,6.71261523554454,-25.517704089034,12.4890879735967,,,,,,,,,,,,,,,,,,,,,,,,,,,,,,,,,25.1292660055051,-3.49902814626686,2.30180904185992,,,,8882.07745896935,53.5345466298937,-14.692109401219,1,1,0,0,1,0,0,0,0
SLV,1994 Q4,1994,4,,,,,,,2107009297.16988,2310394820.77171,7.5548020428549,-9.82993659576242,-16.9834494517239,1.51774731118078,,,,,,,,,,,,,,,,,,,,,,,,,,,,,,,,,24.9323766241778,-0.783506296141457,1.19255682343093,,,,815.070839401055,-90.8234211740861,342.129924124273,0,0,0,0,0,0,0,0,0
SLV,1995 Q1,1995,1,,,,,,,2035127948.92212,2663162782.3538,-3.41153445997179,15.2687306260607,-23.9425423910881,12.9795194630791,,,,,,,,,,,,,,,,,,,,,,,,,,,,,,,,,26.0014289108932,4.28780738727756,-1.39441756222381,,,,949.083932102377,16.441895136354,50.61113696834,0,0,0,0,0,0,0,0,0
SLV,1995 Q2,1995,2,,,,,,,2298707549.33577,2541147987.00031,12.9515002019039,-4.58157481630352,20.129584207783,5.8331916783776,,,,,,,,,,,,,,,,,,,,,,,,,,,,,,,,,24.9443349109605,-4.06552272013711,-4.20919733089866,,,,7767.08670022573,718.377220128504,34.2609474712475,0,0,0,0,0,0,0,0,0
SLV,1995 Q3,1995,3,,,,,,,2238343656.89329,2714423097.14942,-2.62599270011197,6.81877289459446,14.2589210424483,5.93847448728973,,,,,,,,,,,,,,,,,,,,,,,,,,,,,,,,,23.7011388501605,-4.98388137121199,-5.68312323579923,,,,10887.9405960189,40.1804951617505,22.5832655289893,1,1,1,0,0,0,0,0,0
SLV,1995 Q4,1995,4,,,,,,,2349767956.25657,1849209502.84235,4.9779799907013,-31.8746769881115,11.5214802047984,-19.9613206272388,,,,,,,,,,,,,,,,,,,,,,,,,,,,,,,,,24.4483329698413,3.1525663150815,-1.94142604867898,,,,379.124934999473,-96.5179371465519,-53.4856460724238,0,0,0,0,0,0,0,0,0
SLV,1996 Q1,1996,1,,,,,,,2214282916.86404,1993891687.41452,-5.76589016084686,7.82400178832006,8.80313043888995,-25.1306866923003,,,,,,,,,,,,,,,,,,,,,,,,,,,,,,,,,25.6527631919919,4.92643086805297,-1.34094829978822,,,,820.603287134815,116.446667412144,-13.5373322233953,0,0,0,0,0,0,0,0,0
SLV,1996 Q2,1996,2,,,,,,,2411320958.85812,2081837207.9972,8.89850346102717,4.41074714026813,4.89898810985723,-18.0749323279398,,,,,,,,,,,,,,,,,,,,,,,,,,,,,,,,,24.6658442726603,-3.84722266348183,-1.11644844127664,,,,9973.47890376106,1115.38373780881,28.4069470149111,0,0,0,0,0,0,0,0,0
SLV,1996 Q3,1996,3,,,,,,,2418232626.07903,2089886231.89815,42.2622436037063,18.1525694138781,43.826524058393,24.706445490683,,,,,,,,,,,,,,,,,,,,,,,,,,,,,,,,,24.2042178017079,-1.87152106309225,2.12259400161301,,,,8793.40915977213,-11.832077406249,-19.2371681106767,1,1,0,0,0,1,0,0,0
SLV,1996 Q4,1996,4,,,,,,,2542491260.66582,2238859413.67612,5.13840700215287,7.12829145932332,51.1536512284892,32.2262991004953,,,,,,,,,,,,,,,,,,,,,,,,,,,,,,,,,24.1724513538958,-0.131243438942639,-1.12842710497204,,,,555.705383709288,-93.6804329968914,46.5757939952063,0,0,0,0,0,0,0,0,0
SLV,1997 Q1,1997,1,,,,,,,2377700956.23476,2302054799.54244,-6.48145018157921,2.8226598544013,32.9603773762926,33.3441574383305,,,,,,,,,,,,,,,,,,,,,,,,,,,,,,,,,26.5608127193195,9.88050955385932,3.53977277430682,,,,399.228782657526,-28.1581941868716,-51.3493561485164,0,0,0,0,0,0,0,0,0
SLV,1997 Q2,1997,2,,,,,,,2630168616.36798,2277788686.89069,10.6181418429094,-1.05410664666077,54.7302291704076,28.7757112470007,,,,,,,,,,,,,,,,,,,,,,,,,,,,,,,,,26.003494928712,-2.09827084922783,5.42308887247111,,,,7125.40053407404,1684.79128850449,-28.5565187149791,1,1,0,0,0,1,0,0,0
SLV,1997 Q3,1997,3,,,,,,,2538059318.59889,2275853121.218,-3.50203014346223,-0.0849756469434428,4.95513505308003,8.89842166915204,,,,,,,,,,,,,,,,,,,,,,,,,,,,,,,,,25.3747947088177,-2.41775277368615,4.8362517504168,,,,6980.99128866236,-2.02668249624861,-20.6110944933756,0,0,0,0,0,0,0,0,0
SLV,1997 Q4,1997,4,,,,,,,2675776988.74286,2357208452.47895,5.42610131823064,3.57471800365614,5.24232787498885,5.28613087895973,,,,,,,,,,,,,,,,,,,,,,,,,,,,,,,,,24.9532771632419,-1.66116632829084,3.23023014056153,,,,1053.93212243427,-84.9028300014364,89.6566334123602,0,0,0,0,0,0,0,0,0
SLV,1998 Q1,1998,1,,,,,,,2532182276.18497,2588020106.78014,5.01224512990937,24.3142401739426,13.1275024899221,-4.65671657826753,,,,,,,,,,,,,,,,,,,,,,,,,,,,,,,,,26.9829349375681,8.13383252647862,1.58926695018462,,,,220.184403610259,-79.1082937009551,-44.8475628073287,0,0,0,0,0,0,0,0,0
SLV,1998 Q2,1998,2,,,,,,,2826457546.66398,2764608001.4869,11.6214094556562,6.82328140512247,20.2866665679971,49.5021519864313,,,,,,,,,,,,,,,,,,,,,,,,,,,,,,,,,26.0510076217459,-3.45376556693465,0.182716566231602,,,,7228.33070785772,3182.85318548373,1.44455281203437,1,1,0,0,1,0,0,0,0
SLV,1998 Q3,1998,3,,,,,,,2720650546.5448,2771527599.7918,-3.74344911863482,0.250292204217689,22.8682444246058,39.0009104950751,,,,,,,,,,,,,,,,,,,,,,,,,,,,,,,,,24.4125314254321,-6.2894925989203,-3.79220125493771,,,,10694.5851240014,47.9537331126197,53.195795293,0,0,0,0,0,0,0,0,0
SLV,1998 Q4,1998,4,,,,,,,2857379541.12193,2795703327.68456,5.02559929097748,0.8722889100789,18.4985155387627,34.2901989139739,,,,,,,,,,,,,,,,,,,,,,,,,,,,,,,,,24.2621102166594,-0.616163912505779,-2.76984438581331,,,,1747.23353890951,-83.6624467555242,65.7823593870465,1,1,0,0,0,1,0,0,0
SLV,1999 Q1,1999,1,,,,,,,2658873459.25971,2760145539.8189,-6.94713736853727,-1.27187271673455,5.00324104888749,6.65085377767441,,,,,,,,,,,,,,,,,,,,,,,,,,,,,,,,,26.1053534747682,7.59720915307317,-3.25235733188545,,,,398.861503432436,-77.1718265160264,81.1488447376353,0,0,0,0,0,0,0,0,0
SLV,1999 Q2,1999,2,,,,,,,2889648617.15296,2807081491.92958,8.6794336559929,1.70048830518407,2.23569855360337,1.53632957800298,,,,,,,,,,,,,,,,,,,,,,,,,,,,,,,,,24.6462492838883,-5.58929107123617,-5.392337825294,,,,8125.476769214,1937.16746271313,12.4115248404589,0,0,0,0,0,0,0,0,0
SLV,1999 Q3,1999,3,,,,,,,2789459982.57409,2831931225.17125,-3.46715631735118,0.885251579375703,2.52915377598485,2.17943438066384,,,,,,,,,,,,,,,,,,,,,,,,,,,,,,,,,23.4332327081372,-4.92170862097084,-4.01145911593032,,,,11046.8646893258,35.9534339102471,3.29399935799178,1,1,1,0,0,0,0,0,0
SLV,1999 Q4,1999,4,,,,,,,2946214895.10131,2872967480.04041,5.61954333478438,1.4490554892158,3.10897984327623,2.76367494328669,,,,,,,,,,,,,,,,,,,,,,,,,,,,,,,,,23.3856472140271,-0.203068414429905,-3.61247638727843,,,,294.465916787967,-97.3343937391349,-83.1467339522483,0,0,0,0,0,0,0,0,0
SLV,2000 Q1,2000,1,,,,,,,2764813116.0042,2865996138.34788,-6.15711295868905,-0.242652996978306,3.98438129409837,3.83496438872296,,,,,,,,,,,,,,,,,,,,,0.490753798035018,0,0,,,,0.27774205891521,0,0,0.00685701777648004,0,0,25.7817140495584,10.2458863490169,-1.23974350901855,36.8968952162335,0,0,431.708247648821,46.6072041062996,8.23512520855487,0,0,0,0,0,0,0,0,0
SLV,2000 Q2,2000,2,,,,,,,2970420009.52995,2904917746.126,7.43655664592984,1.35804815845135,2.79519772395617,3.48533715453937,,,,,,,,,,,,,,,,,,,,,0.637642098573354,29.9311591935667,0,,,,0.425602497757372,53.2366035665131,0,-0.21682483697748,-3262.08655198768,0,25.1406467067245,-2.48651948276829,2.0059742849367,33.4138832937992,-9.43985097396983,0,6895.1172812525,1497.17061668496,-15.1419974840506,0,0,0,0,0,0,0,0,0
SLV,2000 Q3,2000,3,,,,,,,2956486019.38366,2993783663.63761,-0.469091579695333,3.05915434714534,5.98775525918962,5.71526727159741,,,,,,,,,,,,,,,,,,,,,0.786225868280856,23.3020639697315,0,,,,0.552877101341834,29.9045715791402,0,-0.274951628014791,26.808179287758,0,24.3092262738229,-3.30707655455492,3.73825317486617,28.7114605474372,-14.0732602224499,0,7433.24248187543,7.80443868715723,-32.7117449980365,1,1,1,0,0,0,0,0,0
SLV,2000 Q4,2000,4,,,,,,,3093208523.68965,3012593787.5969,4.62449351729026,0.628306052563421,4.98923648891829,4.86000306395832,,,,,,,,,,,,,,,,,,,,,0.66340532564629,-15.6215341658908,0,,,,0.445546098705773,-19.413175618156,0,-0.138055102794209,-49.7893124725262,0,24.4163721273234,0.440762088819918,4.40751074307671,30.9630945441739,7.84228302498447,0,267.67555402752,-96.3989395653351,-9.09795030021663,1,1,0,0,0,1,0,0,0
SLV,2001 Q1,2001,1,,,,,,,2943462776.45951,3057855346.89147,-4.84111388169589,1.50241162552069,6.46154560759247,6.69432892726047,,,,,,,,,,,,,,,,,,,,,0.499811682444885,-24.6596819285453,1.8457084685099,,,,0.299635073875634,-32.7488053994824,7.88249897978439,0.00760359650263857,-105.507653356336,10.8878050268346,26.2772143921827,7.62128892513446,1.92190612956091,36.929797666776,19.2703707766986,0.089174035781791,341.459696864809,27.5647670200405,-20.9049864753628,1,2,0,0,0,0,2,0,0
SLV,2001 Q2,2001,2,,,,,,,3158804031.09171,3089483670.1848,7.31591567436839,1.03433026436266,6.34199948011967,6.35356799017588,,,,,,,,,,,,,,,,,,,,,0.616603160769278,23.3670965338575,-3.29949008246923,,,,0.391399364099536,30.625350042295,-8.03640341352847,-0.173057048471339,-2375.98937438731,-20.1857818118349,25.5411117732502,-2.80129624071377,1.5928988271355,34.9903850316472,-5.25161998619225,4.71810392101456,6818.89207535076,1896.98299329613,-1.10549542223147,1,1,0,0,1,0,0,0,0
SLV,2001 Q3,2001,3,,,,,,,3021840024.58482,3055548671.17763,-4.33594503358774,-1.09840357256656,2.21052982400994,2.06310857695616,,,,,,,,,,,,,,,,,,,,,0.79642006637152,29.1625014341317,1.29659917104418,,,,0.558637554855405,42.7282734964634,1.04190488258422,-0.290690879302706,67.974018897502,5.72437101084128,24.7641564085027,-3.04197942378225,1.87142992358277,28.7556979734331,-17.8182865166392,0.154075846900375,7774.08509225686,14.0080383492059,4.58538264038216,1,1,1,0,0,0,0,0,0
SLV,2001 Q4,2001,4,,,,,,,3158426767.9506,3071150807.26502,4.51998591105254,0.510616513314343,2.1084334845669,1.94374096863653,,,,,,,,,,,,,,,,,,,,,0.689584015126541,-13.4145353383326,3.94610782702828,,,,0.475967323064196,-14.7985453309896,6.82785113522269,-0.157232173236884,-45.9108680623058,13.8908812890903,24.8388612000727,0.301664996528495,1.73035154668426,30.7629527323892,6.98037224069674,-0.646388272009419,206.449690556349,-97.3443860196234,-22.8731621360077,0,0,0,0,0,0,0,0,0
SLV,2002 Q1,2002,1,,,,,,,2952630106.75803,3111199741.06368,-6.51579651239167,1.30403670519604,0.311447128594126,1.74450352030022,,,,,,,,,,,,,,,,,,,,,0.505193904956485,-26.7393248864999,1.0768500818693,,,,0.298758047556881,-37.2313952912717,-0.292698150256264,0.00120375699172444,-100.76559203307,-84.1685840206444,26.7055465059399,7.51518071151238,1.63005144824115,36.1721546493043,17.5834938992053,-2.05157641075654,396.622500639878,92.1158126084103,16.1549969971739,0,0,0,0,0,0,0,0,0
SLV,2002 Q2,2002,2,,,,,,,3253905607.31787,3154605032.92151,10.2036316662313,1.39513035067914,3.01068300819194,2.10783968095273,,,,,,,,,,,,,,,,,,,,,0.638896173005081,26.4655346663599,3.6154553940317,,,,0.422841699574049,41.5331580293391,8.03331286622026,-0.168809367520567,-14123.542017292,-2.4544975129835,25.8072157121707,-3.3638360239862,1.04186513603227,36.0293505932692,-0.394790018508874,2.96928873655529,7740.73076687363,1851.66203490356,13.5188925317528,1,1,1,0,0,0,0,0,0
SLV,2002 Q3,2002,3,,,,,,,3165359014.28372,3194147838.38834,-2.72124037141745,1.25349465477169,4.74939071993458,4.53598296496102,,,,,,,,,,,,,,,,,,,,,0.798359645085849,24.9592154122201,0.243537147822751,0.815509292929293,0,0,0.562867278240787,33.1153665326277,0.757149845838316,-0.293589610594558,73.917842893871,0.997186873838197,24.9329367207452,-3.38773078497294,0.681550824741574,28.7720641629403,-20.1427067400008,0.056914596621231,8271.48980543832,6.85670454831033,6.39824117280225,1,1,0,0,0,1,0,0,0
SLV,2002 Q4,2002,4,,,,,,,3292295542.26511,3192308911.3328,4.01017791058099,-0.0575717577451877,4.23846377167621,3.94503922702761,,,,,,,,,,,,,,,,,,,,,0.688884424184348,-13.7125193608363,-0.101451154151911,0.781954343434343,-4.11460050619666,0,0.478501844810585,-14.9885126905729,0.532499107306822,-0.166962267517471,-43.1307302804924,6.18836086805696,24.6426972689065,-1.16408048955256,-0.789746074049816,30.0930783576945,4.59130838605497,-2.17753601392573,477.870295271488,-94.2226816871938,131.470579579802,0,0,0,0,0,0,0,0,0
SLV,2003 Q1,2003,1,,,,,,,3114019749.02365,3258337051.89889,-5.41493893706777,2.06835060139976,5.46596208906185,4.72927883392358,,,,,,,,,,,,,,,,,,,,,0.519320355321037,-24.6142985543734,2.79624322976914,0.562654393939394,-28.0451091980363,0,0.318388989391151,-33.4612827841478,6.57084955361151,-0.00655000190680069,-96.0769567853915,-644.129915907486,26.4274562508736,7.24254720370674,-1.04132021789743,35.6373227358688,18.4236531479895,-1.4785735564297,281.1419712248,-41.16772396052,-29.1159803664118,0,0,0,0,0,0,0,0,0
SLV,2003 Q2,2003,2,,,,,,,3365698262.25806,3299696303.37187,8.0821103756108,1.26933619248741,3.43564529618726,4.59934822065472,,,,,,,,,,,,,,,,,,,,,0.649709270010746,25.1076071549525,1.69246545253283,0.690338585858586,22.6931831146324,0,0.426904213508325,34.0825932217962,0.960764734974929,-0.20413372879569,3016.54457052513,20.9255930485128,25.3560718419981,-4.05405801718067,-1.74813073678402,33.614625678294,-5.67578286552656,-6.70210502052837,7872.26087455441,2700.10161423382,1.69919496804686,0,0,0,0,0,0,0,0,0
SLV,2003 Q3,2003,3,,,,,,,3306826075.9503,3332511170.01432,-1.74918194444033,0.994481419666326,4.46922642986809,4.33177606756591,,,,,,,,,,,,,,,,,,,,,0.790774813295697,21.7121025966918,-0.950052001856543,0.817126717171717,18.3660791835129,0.198333024092762,0.554415059920785,29.8687252029136,-1.5016361132981,-0.293047088875034,43.5564277417057,-0.184789141013957,24.8237231770884,-2.09949186225291,-0.438029201613914,27.9508079198779,-16.849266187347,-2.85435288344787,9177.78597607562,16.5838648175529,10.9568674078693,0,0,0,0,0,0,0,0,0
SLV,2003 Q4,2003,4,,,,,,,3457348081.9913,3339445495.39395,4.55185735759458,0.20808108437939,5.0132965770331,4.60909605391917,,,,,,,,,,,,,,,,,,,,,0.692781706504816,-12.392036916613,0.565738196952615,0.785750555555556,-3.83981590086327,0.485477464648268,0.474720657469066,-14.3745017429913,-0.790213743693241,-0.177983655428755,-39.2644860892462,6.60112495784768,24.1377820192943,-2.76324849782081,-2.0489447405146,29.5223747300866,5.62261675839079,-1.89646144147946,780.311388119643,-91.4978253997889,63.2893686510338,0,0,0,0,0,0,0,0,0
SLV,2004 Q1,2004,1,,,,,,,3192596529.69425,3350763585.51151,-7.65764817479886,0.338921241061451,2.52332313227096,2.83661672013813,,,,,,,,,,,,,,,,,,,,,0.525024167914351,-24.2150647188457,1.09832255463741,0.567970101010101,-27.7162329705864,0.944755275701203,0.313684930050824,-33.9222076993217,-1.47745666372516,-0.00701381003241089,-96.0592954361372,7.08103802425837,26.3299068562394,9.08171610462324,-0.369121392948927,36.6062026079004,23.9947766484874,2.71872238891946,420.093117024514,-46.1634004808216,49.4238356494308,0,0,0,0,0,0,0,0,0
SLV,2004 Q2,2004,2,,,,,,,3482663643.41383,3424127942.02345,9.08561764763175,2.18948172975148,3.47521887114436,3.77100275938809,,,,,,,,,,,,,,,,,,,,,0.754598679283577,43.726465446573,16.144053057931,0.680166919191919,19.7540007796683,-1.47343157039614,0.425908284346784,35.7758194752221,-0.233291012369382,-0.20167229777064,2775.36013719662,-1.20579339806848,25.5254843971293,-3.05516636842746,0.668134071345217,31.2860827314122,-14.5333836821959,-6.92717202674486,7863.21808788165,1771.77979576914,-0.114868991473438,0,0,0,0,0,0,0,0,0
SLV,2004 Q3,2004,3,,,,,,,3440291124.08465,3467410837.08853,-1.21666987305282,1.26405601069634,4.03604680345927,4.04798844451077,,,,,,,,,,,,,,,,,,,,,0.789683266487332,4.64943660344921,-0.138035100513043,0.815316717171717,19.8700927913937,-0.221507871663388,0.556923330648596,30.7613284636505,0.452417495327248,-0.290104712913913,43.8495599647733,-1.00406251173346,24.8684871890295,-2.57388732718306,0.180327550471671,28.2641352971052,-9.65907895932543,1.12099577989105,9170.87998109234,16.6301109621516,-0.0752468514877266,0,0,0,0,0,0,0,0,0
SLV,2004 Q4,2004,4,,,,,,,3609259620.1971,3468667180.81432,4.91145923464274,0.0362329064774145,4.3938745710066,3.86955515814239,,,,,,,,,,,,,,,,,,,,,0.693444810447493,-12.186969146241,0.0957161449920818,0.780453737373737,-4.27600453464481,-0.674109377889412,0.474023599781322,-14.8853040095714,-0.146835339220321,-0.171845250855485,-40.7644056763467,-3.44885858113394,24.2236223078508,-2.59310056247864,0.355626248045222,29.893937608325,5.76632645608189,1.2585805906044,584.107234647773,-93.6308485570411,-25.1443406387639,0,0,0,0,0,0,0,0,0
SLV,2005 Q1,2005,1,3348260000,0,3522225037.76,0,0,0,3348260000,3545208417.59552,-7.23138947213908,2.20664689897492,4.87576393878551,5.80300063319231,,,,,,,,,,,,,,,625.500962631267,0,586.542258642693,0,0,0,0.531794148205696,-23.3112512785957,1.28946069630258,0.561043838383838,-28.1131204173899,-1.21947662631267,0.316469733277615,-33.2375574921566,0.887770804399054,-0.0115827670118061,-93.2597689175904,65.1422972433241,26.3853377185402,8.92399734117686,0.210524338743135,36.0172695571336,20.4835242149678,-1.60883404671885,397.78367948024,-31.8988610507263,-5.31059344706487,0,0,0,0,0,0,0,0,0
SLV,2005 Q2,2005,2,3750530000,12.01,3690065597.95,4.76518559690723,0,0,3750530000,3676039182.94945,12.0142999647578,3.69035469690845,7.69142196929469,7.356945919992,,,,,,,,,,,,,,,541.442844644957,-13.4385273577688,583.245392633662,-0.562084992249354,0,0,0.745808493827501,40.2438323821165,-1.16488216815085,0.704418080808081,25.5549090133939,3.56547208220204,0.443540782387611,40.1526704604405,4.13997536297518,-0.21625627743792,1767.05195069101,7.23152353024999,24.8292356592364,-5.89760144783124,-2.72766121520189,29.7992667835304,-17.2639482394401,-4.75232377490638,8711.60754853738,2090.03644390849,10.7893416051021,1,3,1,0,0,1,1,0,0
SLV,2005 Q3,2005,3,3670250000,-2.14,3716691153.72,0.721546949864298,0,0,3670250000,3702088219.17667,-2.14049747635668,0.708616936077372,6.68428535903439,6.76808699961239,,,,,,,,,,,,,,,511.296720523157,-5.56773894418495,587.367602068749,0.706771024194971,0,0,0.76190392776213,2.15811888277473,-3.51778236973035,0.817821868686869,16.0989320076361,0.307261149242926,0.54842922047292,23.64798058043,-1.52518483393102,-0.27115563821549,25.3862507151175,-6.53180519133658,24.236279256518,-2.38813796307024,-2.54220503123485,28.4173909819,-4.63728121791981,0.542226688287998,12403.8716126536,42.3832690297918,35.2527962226827,0,0,0,0,0,0,0,0,0
SLV,2005 Q4,2005,4,3928960000,7.05,3753265150.09,0.984047230650139,0,0,3928960000,3758176575.58225,7.04883863497037,1.51504645716017,8.85778285424203,8.3464160634738,,,,,,,,,,,,,,,665.261553415357,30.1126188986043,582.263514500867,-0.868976693625083,0,0,0.677734717966113,-11.0472208803595,-2.26551446412032,0.76515898989899,-6.43940701566671,-1.95972506022138,0.457125438110331,-16.6482344401446,-3.56483552270115,-0.147438547010756,-45.6258597530675,-14.2027223465455,24.5167998580519,1.15744087021306,1.21029607576915,30.1825618704406,6.21158673456305,0.965494294853982,289.865182534138,-97.6631072008321,-50.374663188527,1,3,1,0,0,1,0,1,0
SLV,2006 Q1,2006,1,3725310000,-5.18,3881304644.75,3.41141618137289,11.2610729154845,10.1946810081834,3725310000,3901029355.45065,-5.1833055057827,3.80111942574886,11.2610729154845,10.0366719228445,,,,,,,,,,,,,,,663.737007544563,-0.229164884543022,623.092014260446,7.01203127841153,6.11286747704604,6.23139340417384,0.529215041682419,-21.9141313476462,-0.484982117982833,0.568260454545455,-25.73302254209,1.28628382808812,0.308560984775862,-32.4997125403053,-2.49905367563696,-0.0120267409743823,-91.8428788005453,3.83305614387069,26.0605503260926,6.29670461470828,-1.23093892491401,36.6566093486594,21.4496287823706,1.7750923359463,777.495710501287,168.226664445882,95.4569155570169,0,0,0,0,0,0,0,0,0
SLV,2006 Q2,2006,2,3910070000,4.96,3885225576.55,0.101020975132776,4.25379879643677,5.28879428887174,3910070000,3883099066.86688,4.95958725582569,-0.459629675914063,4.25379879643677,5.63268979497919,,,,,,,,,,,,,,,576.497089911637,-13.1437476954409,620.7334691026,-0.378522770933827,6.47422818740291,6.4274963750094,0.756511931915154,42.9498166775719,1.43514564076943,0.697986616161616,22.828644959982,-0.913018109797335,0.447414995596242,45.0005080588018,0.873473953798873,-0.227250167586804,1789.54071656536,5.08373226392937,25.2009748530156,-3.29837805541818,1.49718339654536,29.8950533343005,-18.4456667828885,0.321439287301718,9919.20046393208,1175.78844872812,13.8618837989029,0,0,0,0,0,0,0,0,0
SLV,2006 Q3,2006,3,3974790000,1.66,4025414564.11,3.60825864027398,8.29752741638853,8.30640474608718,3974790000,4011560733.32351,1.65521333377663,3.30822531809061,8.29752741638853,8.35940409371621,,,,,,,,,,,,,,,530.459956074177,-7.98566630137133,608.922453415048,-1.90275154723448,3.74796762463338,3.66973787290641,0.795619708461181,5.16948575378361,4.42520106151463,0.821034545454546,17.6289811930202,0.392833316237336,0.557190863147695,24.53558075432,1.59758859442603,-0.289429775263952,27.3617433762273,6.73935351989215,24.8859619832404,-1.25000271462707,2.68062073326581,28.2842886029876,-5.38806441754971,-0.468383529639097,9070.76730907432,-8.55344297096127,-26.8714834179603,0,0,0,0,0,0,0,0,0
SLV,2006 Q4,2006,4,4389710000,10.44,4192675672.18,4.15512751310821,11.7270219091057,11.7074201933072,4389710000,4189647521.21927,10.4387904769812,4.43933919325754,11.7270219091057,11.4808587877533,,,,,,,,,,,,,,,691.502536897103,30.3590457637499,602.604985870181,-1.03748309976688,3.94446114419648,3.49351639982995,0.711896784155042,-10.5229827033909,5.04062508284211,0.792467070707071,-3.47944856956769,3.5689420327775,0.481959272920011,-13.5019425484984,5.43260836945292,-0.182020984524538,-37.1104841032544,23.4554926204337,24.7472573469213,-0.557360958810757,0.939998246931711,29.4616896711094,4.16273884292585,-2.38837313553941,869.281677782,-90.4166687540052,199.891718688781,1,2,0,0,0,0,1,0,1
SLV,2007 Q1,2007,1,3915660000,-10.8,4077993918.12,-2.73528798855006,5.10964188215209,5.0676071932681,3915660000,4103343951.78778,-10.7991188483977,-2.05992434911027,5.10964188215209,5.18618492461352,,,,,,,,,,,,,,,651.570757005617,-5.77463968110194,614.870396815289,2.03539818499781,-1.83299264628239,-1.31948689069869,0.552737394083191,-22.357087939477,4.4447626291936,0.589696515151515,-25.58725315547,3.77222459078329,0.325796650362559,-32.4016221560218,5.58582142172537,-0.0266610271360247,-85.352772810417,121.681228462592,26.6115102597636,7.53316978406191,2.11415310412451,35.6671045930541,21.0626579507754,-2.69938975040928,711.31480346708,-18.1721159380671,-8.51206072783824,0,0,0,0,0,0,0,0,0
SLV,2007 Q2,2007,2,4214930000,7.64,4189074566.89,2.72390422841065,7.79679136179148,7.82062673976864,4214930000,4194707172.60583,7.64290055827115,2.22655526544989,7.79679136179148,8.02472716696292,,,,,,,,,,,,,,,599.674162366987,-7.96484404504707,648.091152334725,5.40288745262455,4.02032774508932,4.40731563446648,0.753345233804873,36.2935169339185,-0.418591958260888,0.703703737373737,19.333202637789,0.819087512531533,0.428831107995537,31.6253888793261,-4.15361304015744,-0.211585177599236,693.612251019914,-6.89327983953388,25.5822118789281,-3.86786909419342,1.51278681930409,31.0103209181764,-13.0562425181678,3.73060911249906,5772.97989919977,711.592823748528,-41.7999472821291,0,0,0,0,0,0,0,0,0
SLV,2007 Q3,2007,3,4250240000,0.84,4305288547.04,2.77421607790282,6.92992585771827,6.95267477355785,4250240000,4291110517.46081,0.837736332513233,2.29821393694789,6.92992585771827,6.9686040601384,,,,,,,,,,,,,,,570.116385396837,-4.92897290313158,653.441263582534,0.825518328484409,7.47585729489346,7.31108040404966,0.762998592337248,1.28139903183816,-4.10008899691868,0.812257525252525,15.4260638552123,-1.06901959857987,0.547166148275229,27.5947892010025,-1.79915277429977,-0.275814968007067,30.3564697379177,-4.70401058234876,23.9355485130201,-6.43675133995892,-3.81907466892523,28.2359251476965,-8.94668513041339,-0.170990531068297,11377.2677965081,97.0779042221358,25.4278431894769,1,1,0,0,0,1,0,0,0
SLV,2007 Q4,2007,4,4630920000,8.96,4425038048.74,2.78145124052906,5.49489601818799,5.54210234056054,4630920000,4418930008.15966,8.95667068212619,2.9787042346904,5.49489601818799,5.47259610215764,,,,,,,,,,,,,,,770.789815585317,35.198677906582,666.436214842802,1.98869462100117,11.4659418378983,10.5925490942373,0.689236583320474,-9.66738467902327,-3.18307391449509,0.777115202020202,-4.32650017263893,-1.93722480773505,0.463471141461894,-15.2960864039483,-3.83603605053689,-0.167063261020427,-39.4292259671179,-8.21758191407582,24.4734498098513,2.24729045393975,-1.10641568571263,30.0598652924268,6.459643646134,2.03035069609044,364.008614014444,-96.8005621338529,-58.1253552998812,1,1,1,0,0,0,0,0,0
SLV,2008 Q1,2008,1,4204010000,-9.22,4416444767.61,-0.194196773798295,7.36402036949071,8.29944468495013,4204010000,4419776786.10385,-9.21868656767986,0.0191625108935066,7.36402036949071,7.7115844548738,,,,,,,,,,,,,,,608.13188566865,-21.1027606524807,573.538080335556,-13.939538764285,-6.66679264990282,-6.72211846493393,0.56068585581241,-18.6511758979415,1.43801773035512,0.588907525252525,-24.2187614240989,-0.133795923617961,0.317521221925507,-31.4906164547868,-2.54005939835267,-0.0219597378097835,-86.8554356740956,-17.6335641618577,25.9645261511321,6.09262834976608,-2.43121905640127,34.9463956777134,16.2559956199062,-2.02065439166908,578.302067438417,58.8704347022594,-18.69955965774,0,0,0,0,0,0,0,0,0
SLV,2008 Q2,2008,2,4511010000,7.3,4439963136.47,0.532518124815762,7.02455319542673,5.98911682219737,4511010000,4462626177.57976,7.30255161143765,0.969492206272301,7.02455319542673,6.38707289804673,,,,,,,,,,,,,,,542.224613443967,-10.8376610037833,590.005243089347,2.87115421249043,-9.58012743057992,-8.96261413786096,0.725486624605471,29.3927102110096,-3.6979870515273,0.707418383838384,20.1238485677426,0.527870788140155,0.426861150519593,34.4354710941929,-0.459378398445056,-0.214625305545498,877.358233529902,1.43683408297189,24.9104727390098,-4.05959040418059,-2.62580555230124,30.3192843100117,-13.2405968568957,-2.22840843855843,8488.69282484554,1367.86485866221,47.0417873102626,0,0,0,0,0,0,0,0,0
SLV,2008 Q3,2008,3,4559530000,1.08,4620743557.82,4.07166491687877,7.27700082818853,7.32715141699117,4559530000,4607905791.32018,1.07559061052846,3.25547352521494,7.27700082818853,7.38259414597478,,,,,,,,,,,,,,,513.52831111018,-5.29232750087103,590.472798882947,0.0792460404507302,-9.92570565170967,-9.63643837769876,0.77206686989695,6.42055190429047,1.18850514939012,0.821560555555556,16.1350304607363,1.14533014638898,0.52865533971175,23.8471430506732,-3.38303248872919,-0.280656271860572,30.7656947288893,1.75527234380579,23.9595126234645,-3.81751131545599,0.10011932850154,27.8473969422009,-8.15285526708349,-1.37600664211719,11060.9110488684,30.301699885927,-2.78060386111966,1,1,1,0,0,0,0,0,0
SLV,2008 Q4,2008,4,4712330000,3.35,4507045146.98,-2.46060854529745,1.75796601971099,1.85325182149226,4712330000,4500472749.853,3.35122260408419,-2.33149387883645,1.75796601971099,1.8453051200804,,,,,,,,,,,,,,,698.197562897123,35.9608706650882,603.678177972958,2.23640769142844,-9.41790501384203,-9.41696076415164,0.656908860813854,-14.915548584343,-4.69036660109901,0.755465050505051,-8.04511665069045,-2.78596422497841,0.430677658491272,-18.5333758803798,-7.07562565107805,-0.147239713895954,-47.5373513230797,-11.8658925986418,24.3771781636066,1.7432138403895,-0.393371784495897,30.0119970088992,7.77307865144835,-0.159243173786367,280.26199159789,-97.4661943273962,-23.0067693983834,1,1,1,0,0,0,0,0,0
SLV,2009 Q1,2009,1,4227330000,-10.29,4393761743.44,-2.51347390242822,0.554708480712463,-0.513603709851787,4227330000,4404364869.38048,-10.2921484700774,-2.13550633043293,0.554708480712463,-0.348703508553349,,,,,,,,,,,,,,,664.3465918365,-4.84833704090301,620.876236191502,2.84887856577688,9.24383468333371,8.25370755299287,0.507167806319764,-22.7947990088874,-9.54510425719596,0.558235,-26.1071045408648,-5.20837719629626,0.311019453145288,-27.7837038877671,-2.04766432328222,-0.0179606423347279,-87.8017677028226,-18.211034711325,26.0041945513444,6.67434260363595,0.152779218775046,36.1023024214301,20.2929029038787,3.30765654454578,321.245630027826,14.6233309041558,-44.4502020456575,1,1,0,0,1,0,0,0,0
SLV,2009 Q2,2009,2,4436390000,4.95,4405472942.05,0.266541503473322,-1.65417500737086,-0.776812630192726,4436390000,4409653968.87082,4.94543837363064,0.120087677728757,-1.65417500737086,-1.18701873293963,,,,,,,,,,,,,,,522.413952052987,-21.3642459414383,569.331413575048,-8.30194805532154,-3.65358947192595,-3.5040077620409,0.746779581282696,47.2450679986298,2.93498955805063,0.665873181818182,19.281876238176,-5.87279083627737,0.445388802398218,43.202876184777,4.34043994307572,-0.20913033779333,1064.38117243149,-2.56026088731798,25.4364076200901,-2.18344363688442,2.11130028157463,31.0222158655321,-14.071364470324,2.31843056825802,7122.37802271007,2117.1128124274,-16.0957031939759,0,0,0,0,0,0,0,0,0
SLV,2009 Q3,2009,3,4312850000,-2.78,4375167594.62,-0.687902248603945,-5.41020675376629,-5.3146416832502,4312850000,4383301081.99413,-2.78469656635237,-0.597618023153823,-5.41020675376629,-4.87433379712609,,,,,,,,,,,,,,,492.806424696807,-5.66744575634477,567.954982748795,-0.241762669937685,-4.03519844282301,-3.81352302371101,0.794109938681551,6.3379286987948,2.85507248712059,0.812428080808081,22.0094310736059,-1.11160092651955,0.553915757930959,24.3667903073388,4.77823949210132,-0.28912459743867,38.2509111252872,3.01732988967544,25.5534212652839,0.460024257125974,6.65250861680066,28.7835863839271,-7.21621399099419,3.36185620390069,7458.19176691607,4.714910429287,-32.5716323550124,0,0,0,0,0,0,0,0,0
SLV,2009 Q4,2009,4,4625050000,7.24,4428763540.08,1.22500325532456,-1.85216230612033,-1.73687203804588,4625050000,4417806208.53319,7.23883279038223,0.787194990570028,-1.85216230612033,-1.83684128123007,,,,,,,,,,,,,,,618.70794051608,25.5478641328048,537.415188822192,-5.37715045280458,-11.3849756294202,-10.9765420663813,0.71399628397272,-10.0884840758753,8.69031102551106,0.791498939393939,-2.57612235575661,4.76976252770386,0.484307264342293,-12.5666209332399,12.4523770373632,-0.189413676594076,-34.4871801735046,28.6430621074987,24.6766831972596,-3.43100072167405,1.22862880864592,29.5448546858712,2.64480003217778,-1.55651862450048,1840.45431113225,-75.3230492235885,556.69065599622,1,1,0,0,0,1,0,0,0
SLV,2010 Q1,2010,1,4375000000,-5.41,4540527782.59,2.52359922805861,3.49322148968734,3.34032766726885,4375000000,4555938051.83076,-5.4064280386158,3.12670671318181,3.49322148968734,3.44143110176974,,,,,,,,,,,,,,,587.35020109408,-5.068261997065,546.529377960155,1.69593069335048,-11.5897923897786,-11.9745053679934,0.564409849839335,-20.9505900088271,11.2866082598863,0.596944393939394,-24.5805187816826,6.93424703563802,0.33176117598421,-31.4977906774217,6.66894711220274,-0.031006240838742,-83.6304107516005,72.6343649680598,26.879229764797,8.92561836585074,3.36497718368033,35.6145895684224,20.5441351703581,-1.35091897274172,1028.11634422142,-44.1379045378791,220.040569620313,0,0,0,0,0,0,0,0,0
SLV,2010 Q2,2010,2,4579710000,4.68,4544095900.94,0.078583779702458,3.23055457252406,3.14660788327289,4579710000,4518945892.10233,4.67908571428571,-0.811954844591551,3.23055457252406,2.47846937657779,,,,,,,,,,,,,,,501.775630424397,-14.5695992800003,546.578598176101,0.00900595977652418,-3.95056861469441,-3.99640962301263,0.734208856929326,30.0843451152255,-1.68332459382156,0.729580202020202,22.2191228240723,9.56744045886737,0.449289695851183,35.4256400009165,0.87584003727998,-0.231412314849498,646.341086792923,10.6545885648536,24.995466802361,-7.00824755366755,-1.73350271907439,30.2919534088433,-14.945100376219,-2.35399837282483,10738.1267574587,944.446654098328,50.7660324012514,1,2,0,0,0,2,0,0,0
SLV,2010 Q3,2010,3,4498450000,-1.77,4567573590.95,0.516663611900083,4.30341885296266,4.39768288114483,4498450000,4588948997.13771,-1.77434815741608,1.5491025275988,4.30341885296266,4.69162193736467,,,,,,,,,,,,,,,474.817209332037,-5.37260469775283,547.772702507415,0.218468914681021,-3.65036137177749,-3.55349998756971,0.730449753887998,-0.511993693054858,-8.01654553011227,0.816042121212121,11.850913573656,0.444844348615528,0.523572162954367,16.53331197869,-5.47801620411277,-0.258944549283049,11.8974802406073,-10.4384228886036,23.8701122138988,-4.50223473464323,-6.58741165775702,28.3522329629348,-6.4034181610164,-1.49860901709333,9887.53532458645,-7.92122734332039,32.5728223890239,1,1,0,0,0,1,0,0,0
SLV,2010 Q4,2010,4,4994770000,11.03,4789066312.36,4.84924253544281,7.99385952584296,8.13551613264707,4994770000,4794784962.31799,11.0331336349187,4.48547075394972,7.99385952584296,8.53316637241012,,,,,,,,,,,,,,,676.31774948979,42.4374972510411,589.126616615204,7.54946603189472,9.31130913329739,9.62224902990622,0.66041077553669,-9.58847312611282,-7.50501223029852,0.741982727272727,-9.075437653805,-6.25600486074275,0.437045304494031,-16.5262526510366,-9.75867250565505,-0.13573592437097,-47.5810845423129,-28.338899908553,24.0726867068764,0.848653291456449,-2.44764049347704,30.1653101509338,6.39483031325702,2.10004574962187,668.725548530709,-93.2366810678507,-63.6651915515736,0,0,0,0,0,0,0,0,0
SLV,2011 Q1,2011,1,4727870000,-5.34,4900704924.38,2.33111434961497,8.0656,7.9324950542324,4727870000,4885172848.71607,-5.34358939450665,1.88512909564109,8.0656,7.22649854189765,,,,,,,,,,,,,,,616.249155712253,-8.88171186145152,571.68537831587,-2.96052458120832,4.92022554250294,4.60286333547271,0.563833594878961,-14.6238044918701,-0.102098671831724,0.57830904040404,-22.0589618669824,-3.12179052597745,0.323706395708608,-25.9329885528999,-2.4278851350543,-0.0276212037021557,-79.6507786496771,-10.9172767966014,25.9282085872191,7.70799663093955,-3.53812659774737,34.8056183892872,15.3829289841059,-2.27146006436787,568.188699919275,-15.0340971467785,-44.7349803246676,0,0,0,0,0,0,0,0,0
SLV,2011 Q2,2011,2,5163090000,9.21,5119441389.84,4.46336738969594,12.7383611626064,12.6613852665606,5163090000,5105303776.4462,9.20541385444185,4.50610315227608,12.7383611626064,12.9755455883779,,,,,,,,,,,,,,,536.150159681833,-12.9978264940327,582.753651069695,1.93607763529497,6.85057766324024,6.61845396331067,0.738288256187283,30.9408064529699,0.555618366552821,0.704721818181818,21.8590353852083,-3.40721743401906,0.443350611024033,36.960720239561,-1.32188315957231,-0.215069322115257,678.638485253531,-7.06228307031534,25.0951470553274,-3.21295445109303,0.398793324223894,31.117287680345,-10.5969406079491,2.72459903909934,8314.91485160345,1363.40728930103,-22.566430445348,0,0,0,0,0,0,0,0,0
SLV,2011 Q3,2011,3,5032400000,-2.53,5111604494.94,-0.153081055201718,11.8696439884849,11.91072006082,5032400000,5130252262.56495,-2.53123613959857,0.488677798838373,11.8696439884849,11.7958004276114,,,,,,,,,,,,,,,506.273930545987,-5.57236225642011,583.75230777805,0.171368588857712,6.625017079352,6.56834579487792,0.776435320060244,5.16696067603213,6.29551395253075,0.821743888888889,16.6054275159222,0.698709972016955,0.541608254671589,22.1625145436487,3.44481486858472,-0.284653621429238,32.3543584131864,9.92840830879458,23.9686106528343,-4.48906077342131,0.412643384550494,28.1554995647567,-9.51814356705365,-0.693890313455279,12134.0794014055,45.9314932018288,22.7209714359535,1,1,1,0,0,0,0,0,0
SLV,2011 Q4,2011,4,5360430000,6.52,5145834355.95,0.669650029533477,7.32085761706745,7.44963674170109,5360430000,5164673290.30648,6.5183610205866,0.670942206735095,7.32085761706745,7.714388255061,,,,,,,,,,,,,,,681.258456345487,34.5632107919895,598.575962002827,2.53937398229751,0.730530414058176,1.60395832086381,0.686286690048004,-11.6105782005441,3.91815449865812,0.768052878787879,-6.53378879076397,3.51357930001637,0.467125042404596,-13.7522298865547,6.88252169769628,-0.170238228945245,-40.1946027981364,25.4186979122626,24.6559950831023,2.86785262702231,2.42311289690513,29.9011173608859,6.19991768256285,-0.875816587749038,515.794047885148,-95.749211532064,-22.8690979403397,0,0,0,0,0,0,0,0,0
SLV,2012 Q1,2012,1,5176520000,-3.43,5360718110.45,4.17587780009932,9.4894741183662,9.38667381873021,5176520000,5339357287.44641,-3.43088147779189,3.38228552554897,9.4894741183662,9.29720304266633,173884.8984375,57961.6328125,0,61541.0472195709,0,0,0,,,,,,,,575.203862767613,-15.5674535251699,529.351620126002,-11.5648382613297,-6.66050290928193,-7.40507975113501,0.568817873940328,-17.1165808416683,0.883998241083206,0.584811161616162,-23.8579559080495,1.12433331624532,0.329967824148693,-29.3619921445157,1.93429247092214,-0.0487247027016519,-71.3785187947863,76.4032560892675,26.3273785020701,6.77881145471672,1.53951983804897,35.1436135308904,17.5327768080741,0.971093625813043,855.556952193039,65.8718156405609,50.5761998284357,0,0,0,0,0,0,0,0,0
SLV,2012 Q2,2012,2,5401290000,4.34,5354300810.05,-0.119709715522813,4.61351632452659,4.58759857425265,5401290000,5334518463.66145,4.3421062798946,-0.0906255851492942,4.61351632452659,4.48973650251242,236180.5703125,78726.8567708333,35.8258091615651,62867.3305420298,2.15511984663973,0,0,,,,,,,,546.185643010447,-5.04485829033632,593.622531221818,12.14144033044,1.87176729268695,1.86509001396597,0.759789476877268,33.5734180809119,2.91230701691274,0.739379141414141,26.430408641795,4.91787288801971,0.471315389611028,42.8367722904521,6.30759897283171,-0.252941738383738,419.124231362756,17.609399562893,25.603279032974,-2.75036676758065,2.02482167777821,29.8953998374607,-14.9336199842301,-3.92671705656433,7921.85739926688,825.929872811025,-4.72713743136853,0,0,0,0,0,0,0,0,0
SLV,2012 Q3,2012,3,5225970000,-3.25,5308248796.14,-0.860093886087991,3.84647484301725,3.84701714294719,5225970000,5324171910.92195,-3.24589125931028,-0.193954764801742,3.84647484301725,3.77992423047141,174458.56640625,58152.85546875,-26.1333960810507,60516.2002114553,-3.73982847737213,0,0,,,,,,,,500.956965218917,-8.28082509496957,576.972632116364,-2.80479567902931,-1.05021511207104,-1.16139595019188,0.794673859225385,4.5913221240562,2.3490094659432,0.811825101010101,9.79821522384293,-1.20704127075402,0.540335311087316,14.6441051995458,-0.23503031449281,-0.289368821876455,14.4013731088751,1.65646950969473,24.9442669456476,-2.57393627776187,4.07055839382997,28.7066512669252,-3.97635949677434,1.9575276968568,10391.3039834322,31.1725705185485,-14.3626505177761,0,0,0,0,0,0,0,0,0
SLV,2012 Q4,2012,4,5582380000,6.82,5363573956.04,1.04224880981898,4.14052603988859,4.23137600296506,5582380000,5383710675.39546,6.81997791797504,1.11827276559896,4.14052603988859,4.24106952709068,160091.06640625,53363.6888020833,-8.2354798024325,61741.3990071481,2.02457985037348,0,0,,,,,,,,709.27337391816,41.5836934432501,634.319582631358,9.93928434779351,4.11223043350615,5.97144270694287,0.684081679492852,-13.9166751804739,-0.321295835563735,0.771030454545455,-5.02505360007819,0.387678484100583,0.460653552892433,-14.7467242210285,-1.38538697879476,-0.16710236794064,-42.252808420396,-1.84204277971768,24.9974831257902,0.213340324886952,1.38501018327125,30.6416032418444,6.74043083927594,2.47644886316895,241.259571139314,-97.6782550917192,-53.2255999989679,0,0,0,0,0,0,0,0,0
SLV,2013 Q1,2013,1,5208330000,-6.7,5441489473.19,1.45267908653069,0.614505497902066,1.50672654438865,5208330000,5404360253.45152,-6.70054707848624,0.383556608092485,0.614505497902066,1.21743053528074,174730.0546875,58243.3515625,9.14416313781172,62580.4181826168,1.35892478784221,0.486043502106526,1.68890685161328,,,,,,,,681.248730683397,-3.95117655128515,615.040765376322,-3.03929088474005,18.4360493348471,16.1875664477844,0.515087552582502,-24.7037937100778,-9.44596219975014,0.564800151515152,-26.7473615101082,-3.42179004342333,0.309919506234271,-32.7217809808925,-6.07584026295464,-0.0152874272414342,-90.8514598387589,-68.6248937524745,26.5365908859591,6.1570509015806,0.794657105235768,36.2133773145886,18.1836897657345,3.04397777069222,419.237315014209,73.7702313878866,-50.9983158994169,0,0,0,0,0,0,0,0,0
SLV,2013 Q2,2013,2,5550620000,6.57,5450779610.16,0.17072783133685,2.76470991189142,1.80189353442581,5550620000,5459690824.57833,6.57197220606221,1.0238135233763,2.76470991189142,2.34646035569188,239666.609375,79888.8697916667,37.1639296992365,65496.6884788999,4.66003644746044,1.47600586190791,4.18239157635658,,,,,,,,498.09108118194,-26.8855766259882,540.201910213338,-12.1681129733234,-8.80553387734998,-8.99908918526517,0.746087934330917,44.8468188738487,-1.8033340765214,0.687667676767677,21.7541594000846,-6.99390363482001,0.430171772577724,38.8011286558236,-8.72952972472614,-0.220408916870001,1341.76592561381,-12.8617845839191,25.7010278639598,-3.14872029187952,0.381782469581284,30.7824362135761,-14.9970577276832,2.96713334137725,6949.74285306098,1557.7109441762,-12.2712956975957,0,0,0,0,0,0,0,0,0
SLV,2013 Q3,2013,3,5428020000,-2.21,5512090004.85,1.12480047029825,3.86626788902347,3.84008392481956,5428020000,5521442774.34579,-2.20876226439569,1.13105213741163,3.86626788902347,3.70519334695336,199247.84765625,66415.94921875,-16.8645777666541,66134.5221417149,0.973841086668802,14.2092657074086,9.28399653419761,,,,,,,,472.80161948847,-5.07727655621932,542.472488435485,0.420320287510708,-5.62031225938597,-5.97951129056689,0.774308915550498,3.78252749052822,-2.56267944874117,0.815864090909091,18.6422044357226,0.497519711322616,0.533964220424596,24.1281400741184,-1.17909944658246,-0.279034565957785,26.5985831790829,-3.57130939389271,24.6291818041728,-4.17044044098344,-1.26315654880285,28.545155308578,-7.26804366449504,-0.562573310434312,9917.38036402548,42.7014002346491,-4.56077139271789,0,0,0,0,0,0,0,0,0
SLV,2013 Q4,2013,4,5803990000,6.93,5580151989.97,1.2347763744807,3.96981215897162,4.03794253057905,5803990000,5599892520.26348,6.92646674109528,1.42081968651727,3.96981215897162,4.01548036108275,173688.69140625,57896.23046875,-12.8278205012762,65585.9023022274,-0.829551377587484,8.49368131854053,6.2267835794168,,,,,,,,557.314247494997,17.8748600941685,512.463229105353,-5.53194124492472,-21.4246201832888,-19.2105614996949,0.717736689811359,-7.30615709092268,4.91973565838767,0.794919393939394,-2.56717965689102,3.09831333549888,0.490012417093803,-8.23122629749292,6.37330679792366,-0.192292689064253,-31.0864270868345,15.074784058453,24.6846743905011,0.22531234195898,-1.2513609218773,29.3706977757572,2.89205806819044,-4.14764676657525,1975.87849541132,-80.0766087123303,718.984501249219,1,1,0,0,0,0,0,1,0
SLV,2014 Q1,2014,1,5434080000,-6.37,5621777664.74,0.7459595158845,4.33440277401778,3.31321400947797,5434080000,5608671483.54286,-6.37337417879769,0.156770210278371,4.33440277401778,3.78048872594783,186503.46875,62167.8229166667,7.37801479186507,65971.506238174,0.58793722798794,6.73805893528529,5.41876860851524,163789.339037887,1.9362237010181,0,1.66362399838787,0,0,0,630.596752483487,13.14922511274,561.791507093354,9.6257204783487,-7.43516661661862,-8.6578420944808,0.55941301982354,-22.0587399578849,8.60542387770839,0.599237323232323,-24.6165928519276,6.09723131709322,0.331545664658389,-32.3393340469327,6.97799202344183,-0.0368389077810654,-80.8422733280535,140.975196148239,26.9395271343628,9.13462623889967,1.51841753198574,35.3922611632187,20.5019418790647,-2.26743875401847,306.459461616692,-84.489964219541,-26.9007193202006,0,0,0,0,0,0,0,0,0
SLV,2014 Q2,2014,2,5701620000,4.92,5652308414.43,0.543079991965718,2.72041681830138,3.69724734227669,5701620000,5640266355.71142,4.92337249359597,0.563321853691497,2.72041681830138,3.3074314450221,218969.1796875,72989.7265625,17.4075641354526,63478.4325063599,-3.77901593274749,-8.635925438873,-3.08146261957991,136773.895408445,1.61686260855564,-16.4940183458417,1.64257120559797,-1.26547782493527,0,0,512.4715363209,-18.7322905957528,551.856938897421,-1.76837279853755,2.88711355859575,2.15753192717888,0.764033830068511,36.5777704475874,2.40533252339596,0.716869898989899,19.6303820201082,4.24656025123715,0.463796846288265,39.8892809429864,7.81666205317218,-0.236180641895451,541.117384095856,7.15566559167483,26.1767702555881,-2.83136699085475,1.85106367786714,30.5281531003679,-13.7434227228913,-0.826065589623518,6477.41670984167,2013.62921401441,-6.79631107518287,0,0,0,0,0,0,0,0,0
SLV,2014 Q3,2014,3,5589750000,-1.96,5674445052.67,0.391638895419901,2.97953950059138,2.9454353553216,5589750000,5678238521.83359,-1.9620739368811,0.673233562519938,2.97953950059138,2.83976043754936,199406.328125,66468.7760416667,-8.93406624184233,66003.3469394217,3.9775941739091,0.079539362966385,-0.198346034786672,144362.893141473,1.70657539062055,5.54857175805751,1.85436130520316,12.8938154329869,0,0,484.891364192677,-5.38179589957814,550.649471817088,-0.218800742588349,2.55704384373445,1.50735448449852,0.789108053439914,3.28182109019363,1.91127050098534,0.802586818181818,11.9571095554016,-1.62738780578985,0.525492483421401,13.3022976820307,-1.58657390872714,-0.286333500635203,21.2349574195637,2.6157815438975,24.8318630726351,-5.1377888479801,0.822931391200174,28.9150337365924,-5.28403850200826,1.29576603811037,9478.24472847358,46.3275431094699,-4.42793983323288,0,0,0,0,0,0,0,0,0
SLV,2014 Q4,2014,4,5868020000,4.98,5645049457.67,-0.518034710480957,1.1032065871926,1.16300537721283,5868020000,5660901261.6366,4.97821906167539,-0.305328142351293,1.1032065871926,1.08946272008536,176931.92578125,58977.30859375,-11.2706565308508,66214.8350062679,0.320420216023749,1.86726858769073,0.95894495915036,137538.391032279,1.62590003770022,-4.72732428720859,1.72600019069899,-6.92211998513996,0,0,641.46361792342,32.2901716328624,604.852598307469,9.84349014474054,15.0990883162697,18.0284875001485,0.696925704759783,-11.6818410708503,-2.89952922109161,0.790927676767677,-1.4526953533269,-0.502153702897521,0.47541355012027,-9.52990478095423,-2.97928510875656,-0.191901364998488,-32.9797719886867,-0.203504390972305,24.6110302259266,-0.889312437260952,-0.298339623239712,29.7446095464804,2.86901207671128,1.27307758766221,990.619479808067,-89.5484922769281,-49.8643523825664,0,0,0,0,0,0,0,0,0
SLV,2015 Q1,2015,1,5617570000,-4.27,5810511046.16,2.93109191922464,3.37665253363955,3.35718330882672,5617570000,5818608672.32822,-4.26804952948354,2.7859064025792,3.37665253363955,3.74308228608797,194931.54296875,64977.1809895833,10.1731878563023,68881.0028339429,4.02654152566056,4.5189905985328,4.4102321770021,199435.302090576,2.35760984808758,45.0033700363485,2.08638761507807,20.8799179931221,21.7632986750399,25.4122095557577,706.525042377857,10.1426523089582,626.995187077059,3.66082394810746,12.0407042369535,11.60638406961,0.531064529100694,-23.7989752029964,-5.06754217693901,0.574425707070707,-27.3731690085444,-4.14053250685068,0.331683039568013,-30.2327332731463,0.0414346873651797,-0.0365690092700366,-80.9438514049524,-0.732645258195064,26.8322556685216,9.02532491409093,-0.398193573726118,36.1709269997601,21.6049817135357,2.20010197413037,337.422290793454,-65.9382540247614,10.1034012829697,0,0,0,0,0,0,0,0,0
SLV,2015 Q2,2015,2,5870220000,4.5,5819598284.68,0.156393102909699,2.95705431088007,2.95967342869896,5870220000,5791162774.91241,4.49749624837786,-0.471691755906117,2.95705431088007,2.6753420793362,241588.59375,80529.53125,23.9350954035847,69952.4734822618,1.55553868880508,10.3299533271217,10.198804098153,168604.7599135,1.99314884696782,-15.4589191852672,2.01256126957423,-3.53847698147296,23.2726167592137,22.5250547869897,565.89329799118,-19.9047076821752,603.356689306616,-3.7701242780892,10.4243373307719,9.33208351281922,0.72068789678337,35.7062762229262,-5.67330026227427,0.675301616161616,17.5611759448106,-5.79858114936256,0.429929843621623,29.6206897348648,-7.30212008504963,-0.190300136836173,420.386361661973,-19.4260226795336,26.8403645395426,0.0302206088121429,2.53505026584732,32.8905089006872,-9.0692121302134,7.73828600948295,4508.20416057458,1236.07182559678,-30.401202168684,1,2,0,0,1,1,0,0,0
SLV,2015 Q3,2015,3,5828240000,-0.71,5914680945.61,1.63383546902718,4.26655932734022,4.23364559371249,5828240000,5913309082.22598,-0.715135037528406,2.10918449473936,4.26655932734022,4.13985005188691,211136.1875,70378.7291666667,-12.6050678872334,68950.4294030548,-1.4324641135972,5.88239073719216,4.46505003198999,146124.412474899,1.72739906268135,-13.3331629843278,1.88179064046028,-6.49772163913376,1.22020229374267,1.47917966041224,535.055225531297,-5.44945002341482,598.08321612336,-0.874022493944058,10.3453814695464,8.61414506577938,0.773406188301386,7.31499609655053,-1.98982446954883,0.77640494949495,14.9715817219571,-3.26218523575819,0.5209812013193,21.1781896624535,-0.85848651397031,-0.26320745212483,38.3117513737905,-8.07661292132056,26.0230140710512,-3.04522864168729,4.79686520069745,30.1466408352538,-8.3424311667494,4.25940052458849,8654.98820450965,91.9830579147186,-8.68574875990255,1,1,1,0,0,0,0,0,0
SLV,2015 Q4,2015,4,6122210000,5.04,5891169071.99,-0.397517192156424,4.33178482690925,4.35991953951075,6122210000,5904356683.51772,5.04388975059366,-0.151394060140851,4.33178482690925,4.30064773485797,185816.56640625,61938.85546875,-11.9920802746095,67421.1960472641,-2.21787357820713,5.02150224487159,1.82188937098764,144163.332397902,1.70421629787516,-1.34206190723553,1.7924541668473,-4.74741832019786,4.81679428987011,3.85017200498673,613.504021688957,14.6618129146879,594.219236198456,-0.64606058500512,-4.358718944182,-1.75800883368408,0.753438777940576,-2.58174949500521,8.10890928470953,0.819306363636364,5.5256492336018,3.58802551766345,0.502190942124803,-3.60670579800457,5.63244190195244,-0.232142076381399,-11.8026201358077,20.9694763678349,25.2977939553281,-2.78684134644458,2.79047127689115,29.2358940809623,-3.02105551085634,-1.71027783949619,1848.5840984725,-78.6414024514869,86.6088983865595,0,0,0,0,0,0,0,0,0
SLV,2016 Q1,2016,1,5695110000,-6.98,5946235715.11,0.93473201069408,1.38031212784175,2.3358473613039,5695110000,5926655196.57468,-6.97623897252789,0.377662025724283,1.38031212784175,1.85691340200108,177768.94921875,59256.31640625,-4.33094709645292,64898.1355796403,-3.74223629295312,-8.80442102320578,-5.78224342044558,144185.636867292,1.70447996852995,0.0154716660742417,1.44237489593898,-19.5307237073774,-27.7030518890744,-30.8673572678868,602.457931410743,-1.80049191002918,534.782288180309,-10.0025284267802,-14.7294299175679,-14.7071143124129,0.538539349194688,-28.5224805303076,1.40751635336135,0.611360555555556,-25.3807143835516,6.42987387754604,0.339736174714514,-32.3492030188622,2.42796109110357,-0.0353989324913102,-84.7511777946057,-3.1996403569103,26.7181612192008,5.6145894238087,-0.425213782733158,35.3480875210153,20.9064700505711,-2.27486422659332,288.302115249528,-84.4041655725723,-14.5574779391188,0,0,0,0,0,0,0,0,0
SLV,2016 Q2,2016,2,6181810000,8.55,6071860222.57,2.11267284848421,5.30797823590939,4.3346967531088,6181810000,6086829052.35788,8.54592799787888,2.70260122228423,5.30797823590939,5.10547344181569,217133.6484375,72377.8828125,22.1437429830958,62893.591275263,-3.08875484091127,-10.122557912567,-10.0909687043286,152009.786805376,1.79697258520102,5.42644198692704,1.81879369558014,26.0971541241442,-9.84252942600063,-9.6279093175177,726.696829995277,20.6220039785367,767.435440047986,43.5042739839646,28.4158749670513,27.1943203165496,0.744085494026859,38.1673400726497,3.24656447651172,0.69913595959596,14.3573875093464,3.52943675298998,0.423176962262908,24.5604659611273,-1.57069379083578,-0.203040336187044,473.57756829782,6.69479253282887,26.3118624799757,-1.52068376222367,-1.96905693582635,30.9564399860658,-12.4240032288554,-5.88032529524357,6048.28231970591,1997.89730972701,34.1616773392766,0,0,0,0,0,0,0,0,0
SLV,2016 Q3,2016,3,5962280000,-3.55,6049563650.11,-0.367211556964378,2.29983665737856,2.28047304225451,5962280000,6048970530.774,-3.55122528838641,-0.621974451035619,2.29983665737856,2.29417144718153,192005.61328125,64001.87109375,-11.5726122307952,65204.7998195036,3.67479181483731,-9.06077468067856,-5.4323513515135,135602.479827609,1.60301480487879,-10.7935859411307,1.76733495423039,-2.82927862983032,-7.2006672048024,-6.08227524194161,580.720843520973,-20.0876046858842,641.232257136222,-16.4447947444117,8.5347485288704,7.21455473914555,0.793809633006909,6.68258410884376,2.63812793511967,0.816274797979798,16.7548009476632,5.13518731568928,0.56042088846921,32.4318047637565,7.57027068347861,-0.290370275586328,43.0111282513018,10.3199294861207,25.3523914805951,-3.64653395445023,-2.57703657472212,29.0775167111288,-6.06957155209926,-3.54641211923921,7648.63588301323,26.4596372774003,-11.6274256846712,0,0,0,0,0,0,0,0,0
SLV,2016 Q4,2016,4,6352220000,6.54,6112646281.85,1.04276333614332,3.7569766473218,3.75947807902901,6352220000,6116812635.39358,6.54011552627518,1.12154794397551,3.7569766473218,3.59829128326445,185928.75,61976.25,-3.16494042929287,66621.7032068572,2.17300473473701,0.0603733003572639,-1.18581824007754,151539.693135275,1.79141540723635,11.7528922243364,1.86545530055267,5.55188172380191,5.1166691381787,4.07269179070669,532.360266419067,-8.32768061306208,528.126565201428,-17.6388025830033,-13.2262792746662,-11.122607107077,0.700524604358803,-11.7515616804431,-7.02302232523875,0.781380858585859,-4.27477847904879,-4.62897723412993,0.470125948236998,-16.1119869173422,-6.38502035742343,-0.172175352245771,-40.7048976007937,-25.8319065075929,25.0214519560259,-1.30535821373137,-1.09235611528098,30.0835477920726,3.45982461617419,2.89935963224848,812.203720561818,-89.3810643756015,-56.0634692663997,0,0,0,0,0,0,0,0,0
SLV,2017 Q1,2017,1,5934200000,-6.58,6136851086.89,0.395979154100086,4.19816298543839,3.2056477562036,5934200000,6147865003.3805,-6.58069147479149,0.507656026722835,4.19816298543839,3.73245615728865,186555.6796875,62185.2265625,0.337188136584579,67119.5093600567,0.74721318915225,4.94278135037951,3.42286224492602,203089.339306167,2.40080578197917,34.0172565381102,2.12994630781735,14.1783620967128,40.8526838863219,47.669396757683,624.539732753517,17.3152416040546,548.258220000653,3.81189967059255,3.66528519112789,2.51989120024864,0.522106088216304,-25.4692718902867,-3.05145037274571,0.575655151515152,-26.3284805111593,-5.8403185674872,0.314390247419591,-33.1263784527158,-7.46047350307085,-0.00168271921151117,-99.0226712537175,-95.2464125523439,26.8363771418614,7.25347669282007,0.442455308547121,36.5344674914907,21.443347520062,3.35627767632414,386.494085214959,-52.4141449453577,34.0587060488421,0,0,0,0,0,0,0,0,0
SLV,2017 Q2,2017,2,6271010000,5.68,6220101409.69,1.35656416656166,1.4429430862482,2.44144597678592,6271010000,6211928390.81657,5.67574399245054,1.04204284578214,1.4429430862482,2.0552464572704,263147.1171875,87715.7057291667,41.0555377506054,73805.9768988245,9.96203280166849,21.1913119321276,17.3505525798358,218769.910465291,2.58617250793424,7.72102130653225,2.62519183930165,23.251550035165,43.918306224184,44.3369770678853,539.159054403347,-13.6709762201578,565.894260197368,3.21673976847881,-25.8068795474378,-26.261646170265,0.744077523138638,42.5146229726349,-0.00107123284679377,0.696264898989899,20.9517359754876,-0.410658408662016,0.41466812091444,31.8959873335436,-2.01070523852891,-0.225880313721907,13323.5297354842,11.2489852823244,25.3277930020827,-5.62141503603145,-3.74002212364083,30.4208920578832,-16.733719836019,-1.73000489857237,6843.72267872035,1670.71860618877,13.1515084278195,0,0,0,0,0,0,0,0,0
SLV,2017 Q3,2017,3,6150910000,-1.92,6239688380.48,0.314897933327684,3.1637226027627,3.14278419678323,6150910000,6238369057.84308,-1.91516199144954,0.42564346146678,3.1637226027627,3.13108695282145,203166.13671875,67722.0455729167,-22.7937060872348,70836.7558807765,-4.02300889820658,5.81260268737668,8.63733356572366,190968.637619621,2.25752179282386,-12.7079966283029,2.42870862682225,-7.4845277795648,40.8297531596759,37.4220897407568,497.47515705662,-7.73128022357996,551.537361210534,-2.53702855756599,-14.3348886807,-13.9878951701947,0.787091495875936,5.78084559735896,-0.84631589887933,0.821080303030303,17.9264248738489,0.588711676802738,0.547700097374719,32.0815538380215,-2.26986383916523,-0.277630822638908,22.9105883838618,-4.38731303391694,24.7804695107124,-2.16096006203621,-2.25588962808671,28.7739644713389,-5.41380437960407,-1.04394141633751,8684.60576727781,26.8988557102327,13.5445051916428,0,0,0,0,0,0,0,0,0
SLV,2017 Q4,2017,4,6623070000,7.68,6373454087.92,2.14378826767164,4.26386365711515,4.26669226459912,6623070000,6371745813.58351,7.67626253676285,2.13800681722646,4.26386365711515,4.16774541555868,203507.90234375,67835.9674479167,0.168219778413722,74541.3353903885,5.22974190947858,9.45477896438825,11.8874657991574,206822.765966105,2.444940212385,8.30195394599955,2.49671616942199,2.80015238751475,36.4809190826853,33.8395065634807,548.389768466737,10.234603816472,552.049687277125,0.0928905460668341,3.01102525090627,4.52980850652206,0.688949424520977,-12.4689533388668,-1.65235878451709,0.782985353535354,-4.63961312363177,0.20534095913212,0.470060749611189,-14.1755219938205,-0.0138683316786356,-0.173672363359395,-37.4448551106028,0.869468883958978,24.5883390356581,-0.775330245342012,-1.73096637688688,29.9620611420667,4.12906838719151,-0.40383086079354,817.257512613152,-90.5895842078123,0.622232073480015,1,1,0,0,0,1,0,0,0
SLV,2018 Q1,2018,1,6159120000,-7.01,6428607033.51,0.86535408946516,3.79023288733106,4.75416369876191,6159120000,6409437151.03634,-7.0050595871703,0.591538623095693,3.79023288733106,4.2546826827201,211962.359375,70654.1197916667,4.15436301680776,72455.6825692446,-2.79798156314332,13.618818644417,7.95025657974117,228140.101859466,2.69694154068723,10.3070548320855,2.40952498049577,-3.49223471991233,12.3348486133657,13.1260901578743,732.76733781497,33.6216282560744,634.042007592363,14.8523443097394,17.3291784950641,15.6466030899834,0.543641822560999,-21.0911856209198,4.12478130991892,0.572055707070707,-26.9391560790061,-0.625277900314204,0.324217451454541,-31.0264786577656,3.12579799011188,-0.0354034986470066,-79.6147769500072,2003.94570911284,26.7516897335201,8.798279114033,-0.315569452216348,36.1290441758335,20.5826395070946,-1.1097009029942,554.235927727709,-32.18344044883,43.4008821685995,0,0,0,0,0,0,0,0,0
SLV,2018 Q2,2018,2,6529220000,6.01,6417674640.12,-0.170058510856454,4.11751854964352,3.17636670878405,6529220000,6449280233.69322,6.00897530816091,0.621631536716733,4.11751854964352,3.82090436244468,247072.12890625,82357.3763020833,16.5641530103628,70788.1652658697,-2.30143067354487,-6.10874572864735,-4.08884450793425,159888.433877135,1.89010943575494,-29.9165589153517,1.96428759460437,-18.4782224502935,-26.9147966751566,-25.1754646956808,558.117873473717,-23.8342315941699,582.914561542623,-8.06373165145404,3.51636848450048,3.007682272536,0.753565257438044,38.6142909109041,1.27510024216095,0.719954444444445,25.8539047064269,3.40237537306748,0.471416241716896,45.4012544981696,13.68519014129,-0.240423721093215,579.095937637063,6.43854576420193,25.8652396556961,-3.31362275300796,2.12196401624574,30.0454625288795,-16.8384793612205,-1.23411742262298,6383.74861965483,1051.81068210921,-6.72110897327496,1,2,0,0,1,0,1,0,0
SLV,2018 Q3,2018,3,6480410000,-0.75,6572082822.76,2.40598333973991,5.35693092566791,5.32710004108299,6480410000,6564104968.76671,-0.747562495979612,1.78042713159845,5.35693092566791,5.22149151330034,196481.19140625,65493.73046875,-20.4761814794563,68039.3066476854,-3.88321777780226,-3.29038363403751,-3.94914927752961,184133.322447056,2.17671861406516,15.1636287766451,2.35688842538781,19.9869322527852,-3.57928676549455,-2.95713535338368,517.650931301357,-7.25060853552216,577.120152439757,-0.99404089126401,4.05563452939226,4.6384511781891,0.771264229846809,2.34869803697391,-2.01085466074221,0.798720656565657,10.9404439029462,-2.72319849619157,0.525028847804493,11.3726684282961,-4.13935467218197,-0.270003042485134,12.3029962507115,-2.74745436449453,25.2242699234195,-2.47811248149575,1.79092818445254,29.2283750514907,-2.71950374071776,1.57924216735736,8163.5905672035,27.8808276076025,-5.99929592702318,0,0,0,0,0,0,0,0,0
SLV,2018 Q4,2018,4,6852100000,5.74,6594985312.82,0.348481458278114,3.45806400959072,3.47584248421718,6852100000,6590472670.4678,5.73559388989277,0.401695308447268,3.45806400959072,3.43276180945574,167472.734375,55824.2447916667,-14.7639867325882,62439.3918415826,-8.23041133428908,-17.7070116461041,-16.235211625101,164986.244611267,1.95037283277888,-10.3984860433368,1.98006835700976,-15.9880316912349,-20.2281993277732,-20.6930935418197,557.78719376342,7.75353815382156,563.52176722831,-2.35624854789082,1.71363979363764,2.07808829813285,0.704881700513389,-8.60697628186451,2.31254652741599,0.786986767676768,-1.46908544212971,0.511045848220124,0.4755970770197,-9.41505804709625,1.17778976719281,-0.183691790538855,-31.9667701340925,5.76915462290705,25.1419781278806,-0.326240544478286,2.25163274111195,29.9929361445159,2.61581799083354,0.103046991002522,624.926338532055,-92.3449573641941,-23.5337297134321,1,1,1,0,0,0,0,0,0
SLV,2019 Q1,2019,1,6401110000,-6.58,6617189992.8,0.336690362855499,3.92897037239086,2.93349645276162,6401110000,6628658320.61279,-6.58177784912655,0.579406850681614,3.92897037239086,3.4202873732993,195608.484375,65202.828125,16.8001974201957,64690.5440745696,3.60533978085259,-7.71546186229558,-10.717086941047,208230.612556998,2.46158296796786,26.2108929429975,2.16032151272782,9.10338045047459,-8.72686964728929,-10.3424313831632,783.80331334847,40.5201342218181,679.885244718907,20.6493314469346,6.96482674646548,7.2303154329827,0.53980655619671,-23.4188437856238,-0.70547669533993,0.584737424242424,-25.6992050871955,2.21686752093703,0.320751967023934,-32.5580449245174,-1.06887658732095,-0.0227368339420678,-87.6222917336861,-35.7780027088079,27.1382850898844,7.94013482889026,1.44512500038445,36.0261272318945,20.1153733609431,-0.284859304436938,463.299184738718,-25.8633928237042,-16.407587173538,0,0,0,0,0,0,0,0,0
SLV,2019 Q2,2019,2,6713270000,4.88,6662330162.95,0.682165242332705,2.81886657211734,3.81221449433631,6713270000,6666707785.99242,4.87665420528627,0.574014582427784,2.81886657211734,3.37134601723903,202059.2109375,67353.0703125,3.29777442073185,63719.0916063579,-1.50169160285914,-18.218533255052,-9.98623658765759,195200.388790015,2.30754713001039,-6.25759277513335,2.40194043973121,11.1843966548433,22.0853716911222,22.2804871511184,637.46287194285,-18.6705566196757,663.52341510223,-2.40655753949206,14.2165306363137,13.8285880775193,0.755900162608684,40.0316750382757,0.309847773314019,0.699026363636364,19.5453437142338,-2.9068618118234,0.448261343062322,39.7532639383231,-4.91177363135475,-0.217987722613135,858.74264274681,-9.33185726352728,26.2772550355307,-3.1727504206767,1.59293084200713,31.2210108154287,-13.3378655594482,3.91256511834094,5966.56708557966,1187.84320847544,-6.53505579450151,1,1,0,0,0,0,1,0,0
SLV,2019 Q3,2019,3,6691850000,-0.32,6785486216.21,1.84854323108881,3.26275652312122,3.24711966061893,6691850000,6776141884.693,-0.31906954435022,1.64150135589435,3.26275652312122,3.23024870770962,188936.8125,62978.9375,-6.4943332088726,64245.5889966276,0.82627887026746,-3.83974611119445,-5.57577353147066,189990.386912145,2.24595747358014,-2.66905302298084,2.45054183430321,2.02342213687192,3.18088241022904,3.97360383744046,593.922982657107,-6.83018434517498,660.651813127889,-0.432780804562657,14.7342633314703,14.4738769448623,0.788658355716231,4.33366663058977,2.25527454746298,0.814573686868687,16.5297518438706,1.98480284348664,0.561699591787602,25.3062751185101,6.98451982904443,-0.285140315728862,30.8056767191901,5.60633432290364,25.3543172551492,-3.51230666648221,0.515564304237854,29.098810741433,-6.79734582118964,-0.443282631447997,8097.46617646118,35.7139886356359,-0.809991512900778,0,0,0,0,0,0,0,0,0
SLV,2019 Q4,2019,4,7074900000,5.72,6811549182.86,0.384098733967467,3.25155791655113,3.28376576698391,7074900000,6807952596.3968,5.72412710984257,0.469451676855515,3.25155791655113,3.29991393338959,183321.25,61107.0833333333,-2.97219076880531,62479.6434546169,-2.74874208422839,9.46334081433968,0.0644650946255581,180996.729743831,2.13963961265946,-4.73374327748092,2.13079551800559,-13.0479844017247,9.70413331747006,7.61222007625301,686.143198385857,15.527302094991,688.263465017158,4.17945600702134,23.0116442359338,22.136092169499,0.71328600843826,-9.55703400993204,1.19230048371935,0.790306767676768,-2.97909441258826,0.421862239158205,0.480708237409702,-14.4189804589577,1.0746828853599,-0.187719412938345,-34.1659517846482,2.19259793139108,25.5422007365518,0.741031515508287,1.59185011869605,29.8529287574801,2.59157675806095,-0.466801203994213,1103.96878159963,-86.3664909795018,76.6558254198146,0,0,0,0,0,0,0,0,0
SLV,2020 Q1,2020,1,6462090000,-8.66,6677788675.13,-1.96373107114286,0.952647275238201,0.915776672514101,6462090000,6688247710.39949,-8.66174786922783,-1.75830962836999,0.952647275238201,0.898966078872979,190200.29296875,63400.09765625,3.75245257641981,60446.5304584884,-3.25404065022439,-2.76480410526672,-6.5604852715245,226847.378460165,2.68165970550008,25.3323078164045,2.36505215574103,10.9938581978388,8.94045581221674,9.47685989363214,603.712400802523,-12.0136434751887,528.433290953118,-23.2222371501378,-22.9765439210233,-22.2761054078186,0.54252002857621,-23.9407443636728,0.502674957973567,0.584693282828283,-26.0169206766277,-0.00754892919649016,0.327133039401948,-31.9476942677943,1.98941020914692,-0.0198534591148125,-89.4238646903647,-12.681514209947,27.3221902366766,6.96881806890488,0.677659425358123,35.9426000396284,20.3989073622215,-0.231851710644478,273.069247216095,-75.2647672862249,-41.059847241023,0,0,0,0,0,0,0,0,0
SLV,2020 Q2,2020,2,5377990000,-16.78,5336851883.52,-20.0805514646493,-19.8901578515388,-19.8951154777819,5377990000,5327083432.467,-16.7763061176802,-20.3515829088691,-19.8901578515388,-20.0942413636328,161137.671875,53712.5572916667,-15.2800085847002,55230.3932086177,-8.62934102305984,-20.2522512448877,-13.3220643668015,207455.839572476,2.45242404575502,-8.54827550546022,2.57756560714648,8.98557145514047,6.27839465813977,7.31180359471876,531.87469358317,-11.8993260903468,553.267276600688,4.69954979611102,-16.5638161855403,-16.6167667925562,0.752869036164353,38.7725791691382,-0.400995606863018,0.696578939393939,19.1357862064778,-0.350119018357558,0.439089302297282,34.2234655050459,-2.04613690361537,-0.209206439223953,953.75309166082,-4.02833851554383,25.4972518743628,-6.67932675420746,-2.96835860561999,30.9293828989987,-13.94784221259,-0.934075831669815,9463.77389751252,3365.70475950494,58.613382901285,1,1,0,0,0,1,0,0,0
SLV,2020 Q3,2020,3,6118580000,13.77,6204926932.91,16.265676251398,-8.56668933105195,-8.55589805654736,6118580000,6213269837.99976,13.7707582200785,16.6354895087942,-8.56668933105195,-8.30667445091052,152935.8203125,50978.6067708333,-5.08996528686505,53927.5697857236,-2.35888855249145,-19.0545144226459,-16.0602764673005,176700.796356453,2.08885555008556,-14.8248626210778,2.33074920906306,-9.57556220486122,-6.99487525220831,-4.88841380152205,493.48795275945,-7.2172527264107,549.384362245149,-0.701815292492248,-16.9104467802084,-16.8420715226586,0.79476186203429,5.56442407080107,0.773910055453187,0.816532373737374,17.2203647798769,0.240455455443969,0.553689851683794,26.0995995090134,-1.42598289564658,-0.286929162979556,37.1512100889023,0.627356831713224,24.6108337568976,-3.47652414398623,-2.93237435963936,28.5721743573972,-7.62125952948711,-1.80982098792741,10645.2564836727,12.4842647230903,31.4640438340797,0,0,0,0,0,0,0,0,0
SLV,2020 Q4,2020,4,6962530000,13.79,6706810348.67,8.08846616868421,-1.58829100057951,-1.53766538827255,6962530000,6698228527.85414,13.7932330704183,7.80520889159553,-1.58829100057951,-1.61170435588422,171808.96484375,57269.6549479167,12.3405651420875,56981.7971605379,5.6635731722197,-6.27984216573368,-8.79942008323471,215014.942952715,2.54178343391324,21.683063905933,2.47420756305119,6.15503175675425,18.7949325145433,16.1166119481531,588.909060140243,19.3360560976665,592.682270179301,7.88116861521286,-14.1711144953933,-13.8872974806928,0.746360745132907,-6.0900150363902,4.63695296183711,0.80685797979798,-1.1848144973252,2.09427690589909,0.488963532975141,-11.6899954932924,1.71731934737013,-0.206219404768244,-28.1288096940715,9.85512981333209,24.2805822059113,-1.34189501358814,-4.93934936794651,28.5554990028777,-0.0583622174181716,-4.34607192192934,3234.39019186832,-69.6166062618678,192.978410782754,1,3,0,1,0,2,0,0,0
SLV,2021 Q1,2021,1,6736680000,-3.24,6958510478.11,3.75290363607662,4.24924443949249,4.20381381677273,6736680000,6980511299.9901,-3.24379212728706,4.21428995684613,4.24924443949249,4.36980809093198,177333,59111,3.21521939281444,57251.2026330083,0.472792165033674,-6.76512783861174,-5.28620551294418,231802.8078784,2.74023995220399,7.80776661154068,2.40517985270651,-2.78989165563601,2.18447726919871,1.69669395527166,748.74477616862,27.1409843805618,655.510078795833,10.6005885071482,24.0234216115659,24.0478391536443,0.579978009071171,-22.2925357672861,6.90444196009966,0.631260808080808,-21.7630829853276,7.96443650374577,0.354297800317077,-27.5410584995324,8.30388791202211,-0.0506617431565203,-75.4330863220871,155.178419355256,26.3486879682558,8.51752954194391,-3.56304622721645,34.6677416989601,21.4047833500177,-3.54692854513233,939.729382725225,-70.9457014466644,244.135926072101,0,0,0,0,0,0,0,0,0
SLV,2021 Q2,2021,2,7203040000,6.92,7147003244.2,2.70880911486673,33.9355409734864,33.9179613784988,7203040000,7125269773.12104,6.92269782741647,2.07375171975075,33.9355409734864,33.7555505456255,180252.4140625,60084.1380208333,1.64628921999853,60596.03159676,5.84237327762829,11.8623671082502,9.71501029854173,187910.296560644,2.22136783751168,-18.9352802580292,2.39203316510097,-0.546598941062399,-9.42154390645789,-7.19797166485728,597.41492737366,-20.2111391774011,616.162112645208,-6.00264853637444,12.3224952382965,11.3678937295822,0.774460463192312,33.5327290137435,2.86788617818055,0.722459292929293,14.4470373704573,3.71535113563306,0.466057707467228,31.544058995041,6.14189528846405,-0.241943908495368,377.567279412155,15.6484042235285,25.8458645990582,-1.90834310157468,1.36725607298045,30.2430573805526,-12.7631166657164,-2.21900812145959,5597.62582181994,495.663594724129,-40.8520756894749,0,0,0,0,0,0,0,0,0
SLV,2021 Q3,2021,3,7236920000,0.47,7339612964.72,2.69497177962398,18.277770332332,18.286855656459,7236920000,7338523423.51001,0.4703569603945,2.99292036904252,18.277770332332,18.1104895626504,191997.328125,63999.109375,6.51581512712924,65896.7544302742,8.74764022302349,25.5411111227468,22.1949268103664,182394.559226778,2.15616395173282,-2.93530340530633,2.43056486592439,1.61083472359772,3.22226214467071,4.28255671923856,560.259574460893,-6.21935462444973,620.55346139003,0.712693730221369,13.5305474689047,12.9543365329943,0.795107732674142,2.66601982452701,0.0435187766769196,0.824020454545455,14.0577002206409,0.917058655470931,0.571599082979504,22.6455595136139,3.23452402843354,-0.293949867469054,21.4950478799437,2.44684242500616,24.8906802241675,-3.6956951903459,1.13708649627286,28.553782583195,-5.58566144983718,-0.0643695295017705,9594.59722790301,71.4047621851142,-9.86974111315361,1,1,1,0,0,0,0,0,0
SLV,2021 Q4,2021,4,7866500000,8.7,7580104848.53,3.27662895803899,12.9833551884157,13.0210108003603,7866500000,7596431727.29257,8.69955727021993,3.51444410405933,12.9833551884157,13.409563374903,202491.265625,67497.0885416667,5.46566850824503,67372.3837136146,2.23930494923202,17.8583817259791,18.2349225030631,234600.280695498,2.77331007266015,28.6224115949696,2.64927199386814,8.99820165303721,9.10882633263761,7.07557576944194,604.042131819943,7.81469150280555,614.370593510817,-0.996347335709549,2.56967886961972,3.65935078924409,0.699848943600992,-11.9806140927308,-6.23181240910964,0.779575404040404,-5.39368291889881,-3.38133555603016,0.479963206575501,-16.0314946494217,-1.84069481518927,-0.183914138916313,-37.433501671616,-10.8162788448539,25.1348149578092,0.980827889969603,3.51817244188623,29.8755864572813,4.62917258067325,4.62288350930433,525.925769644552,-94.5185216517995,-83.7395694877261,0,0,0,0,0,0,0,0,0
SLV,2022 Q1,2022,1,7565590000,-3.83,7811912731.2,3.05810918585057,12.3044288878201,12.2641512975316,7565590000,7797235221.81839,-3.82520816118986,2.64339234175396,12.3044288878201,11.7000587310767,218230.90625,72743.6354166667,7.77299730752276,73563.5394624799,9.18945628402069,23.0627724394219,28.4925662331269,249698.089817939,2.95178771978929,6.43554606059412,2.59704686002893,-1.97130132202686,7.72004537103222,7.97724158160212,717.850284676363,18.8410951589623,632.940159120876,3.02253490095341,-4.12617122357046,-3.44310795593223,0.561121314001498,-19.8225103956986,-3.25127759583014,0.592496414141414,-23.9975490413617,-6.14078894858805,0.332170462255057,-30.792515404448,-6.24540655974067,-0.0422400792200543,-77.0327178383632,-16.6233205013241,26.4586951879765,5.26711747187903,0.417505493454543,34.3723850963271,15.051750182296,-0.851963780040083,546.497492965433,3.91152601911569,-41.8452266140083,0,0,0,0,0,0,0,0,0
SLV,2022 Q2,2022,2,7980030000,5.48,7917405630.03,1.35041061593881,10.7869732779493,10.7793764674055,7980030000,7911507996.74887,5.47796007978228,1.46555505483174,10.7869732779493,11.0345046386004,238221.125,79407.0416666667,9.16012268541821,76810.2243418782,4.41344299515963,32.1597417926398,26.757845881751,174948.170617287,2.06813701299933,-29.9361197577256,2.279350141634,-12.2329990761657,-6.89803921371235,-4.71076342548174,656.65443155546,-8.5248769036141,672.417946491231,6.23720691466121,9.91597321517008,9.13003780847778,0.752343038539404,34.0784995626445,-2.8558494208652,0.736497070707071,24.3040553712595,1.94305449665684,0.479295153407037,44.2919247404393,2.84030190418835,-0.256943396899159,508.292885911942,6.19957266007307,24.9063934555424,-5.86688693983478,-3.63489926953347,29.4493526502083,-14.3226384561972,-2.62441961590382,6947.26503311497,1171.23456603934,24.1109222776921,0,0,0,0,0,0,0,0,0
SLV,2022 Q3,2022,3,7977190000,-0.04,8091090337.98,2.19370733376637,10.229075352498,10.2386512323224,7977190000,8085047529.13962,-0.0355888386384512,2.19350764054165,10.229075352498,10.1726745633599,239278.8828125,79759.6276041667,0.444023514917076,83501.6319583008,8.71161056194746,24.6261524309949,26.715849179878,137103.897621255,1.62076370559641,-21.6317054716851,1.91429275967113,-16.0158536108529,-24.8311472653149,-21.2408281503284,617.86740275841,-5.90676418724117,678.579897170867,0.916387004807039,10.2823460630636,9.35075531620736,0.778914688380834,3.53185295540399,-2.03658493407516,0.819324747474748,11.2461651324911,-0.569853217211379,0.55431581237039,15.652288246621,-3.02367010790559,-0.2738569076781,6.58258238314622,-6.83550564725781,24.401673599481,-2.02646704735596,-1.96461735992116,28.0556281103544,-4.73261520009717,-1.74461814783785,9818.79015323232,41.3331736507804,2.3366580170486,1,1,0,0,0,1,0,0,0
SLV,2022 Q4,2022,4,8466110000,6.13,8159836257.8,0.849649638656285,7.62232250683277,7.64806583621897,8466110000,8189700077.82638,6.12897524065493,1.29439620867506,7.62232250683278,7.80982929659338,265814.8046875,88604.9348958333,11.0899556045628,88771.421926665,6.31100236579309,31.2722323439722,31.7623290635123,254369.059993549,3.00700525234598,85.5301449534533,2.8498107712367,48.8701640247696,8.42657955883276,7.56958054260628,646.977810809573,4.7114328934012,660.840117226585,-2.6142507342529,7.10806030371879,7.56376105995213,0.72576398388239,-6.82368753488666,3.70294768869058,0.792241262626263,-3.30558608561004,1.62471244221067,0.471164339376281,-15.0007398559556,-1.83323785629308,-0.19527520984477,-28.6944369961622,6.17737765861847,24.8428242795049,1.80787058816034,-1.16169814177851,28.6877835098475,2.25322133942814,-3.97583140043867,1059.24457918985,-89.2120662254794,101.405719272084,1,1,0,0,0,1,0,0,0
SLV,2023 Q1,2023,1,8028570000,-5.17,8288205202.27,1.57318039742884,6.11954916933114,6.09700194380995,8028570000,8272549673.84423,-5.16813507029794,1.01163162546288,6.11954916933114,6.09593578369683,264650.953125,88216.984375,-0.437843017761279,90989.1590918057,2.49825576408227,21.2710691041269,23.6878482963881,262387.856575133,3.10179887008758,3.15242607799386,2.7423324436685,-3.77141979576275,5.08204398617792,5.59426115391509,760.24189706785,17.506641551825,675.49364466631,2.21740887965806,5.90535565652085,6.72314513974572,0.577840236505553,-20.3817977554543,2.97955577285558,0.621541919191919,-21.5463838463146,4.90222461389826,0.340201364878702,-27.7956041136189,2.41770522554123,-0.0528695025230851,-72.9256455209482,25.164307215561,26.6920242956365,7.44359818081233,0.881861732040698,34.0833539255712,18.8079027223265,-0.840881917114258,544.744728311197,-48.5723373984282,-0.320726934121052,0,0,0,0,0,0,0,0,0
SLV,2023 Q2,2023,2,8546090000,6.45,8478632525.95,2.29757008945489,7.09345704214145,7.08852018129926,8546090000,8466915480.11347,6.44597979465833,2.34952721872166,7.09345704214145,7.02024801836562,319733.796875,106577.932291667,20.8133933014718,96529.072187695,6.08854192212027,34.2172306822076,25.6721654112729,230394.510332666,2.72359186569144,-12.1931504986802,2.96607864052882,8.15897421105547,31.6930091465039,30.1282583290395,694.651240760403,-8.62760347205554,709.69756418702,5.06354423772655,5.78642393609343,5.54411402763998,0.752727833287254,30.2657353595382,0.0511461830758094,0.702565202020202,13.0358516982448,-4.60719669316438,0.456346316019679,34.140060308808,-4.78803869061209,-0.215543612233195,307.689881589258,-16.112414315987,26.8869629249193,0.730325385304859,7.95205244353106,30.9733974130191,-9.12456127217816,5.17513841785583,5196.91849891426,854.00987450133,-25.1947568698973,0,0,0,0,0,0,0,0,0
SLV,2023 Q3,2023,3,8463860000,-0.96,8585735937.42,1.26321563226376,6.10076981994913,6.1134603468473,8463860000,8579104818.79542,-0.962194407032913,1.32503199004942,6.10076981994914,6.11075306453239,259161.1640625,86387.0546875,-18.9447075675209,94433.997322323,-2.17040816604789,8.3092502841464,13.0923972473755,222737.653921001,2.63307689721642,-3.32336755793773,2.90265383648893,-2.13833858527036,62.4590239850847,51.6306124977246,653.929884543847,-5.8621296309758,714.77870866599,0.715959126165332,5.83660533383687,5.33449511929886,0.801184979120091,6.43753873444788,2.85914376394042,0.822429595959596,17.0609636792042,0.378952118121415,0.544350844813512,19.2845927981672,-1.79770580858341,-0.309982775098844,43.814410405016,13.1915122123584,26.0201691247657,-3.22384421987015,6.63272344286701,28.7907417049019,-7.04687212388208,2.62020009552447,8316.99094383713,60.0369708621507,-15.2951553700412,0,0,0,0,0,0,0,0,0
SLV,2023 Q4,2023,4,8977100000,6.06,8653147731.14,0.785160342821543,6.03571179679924,6.04560505571962,8977100000,8695042157.4758,6.06389992273028,1.35139202899561,6.03571179679923,6.17045892825348,277692.40625,92564.1354166667,7.15047034710454,90703.8318562264,-3.95002390226559,4.46837473046834,2.1768378692388,255302.465096999,3.01803943255923,14.620254188162,2.85194225191812,-1.74707655226816,0.366949149977092,0.0747937618501915,684.383169281433,4.65696483023245,698.476815805507,-2.280690885562,5.78155198631218,5.69528053727667,0.739576002539915,-7.68973185790857,1.90310058975913,0.802962373737374,-2.36703814136312,1.35326340811522,0.500824598858669,-7.99599125629245,6.29509854706996,-0.226281992131368,-27.0017529008785,15.8785041435862,25.6164444768225,-1.55158348897465,3.11405896774727,28.5985340692728,-0.667602236855089,-0.31110608647778,1749.49461585813,-78.9648127829874,65.1643681005383,1,1,0,0,0,1,0,0,0
SLV,2024 Q1,2024,1,8432620000,-6.07,8785912469.13,1.53429413336167,5.03265214104131,6.00500656913858,8432620000,8709355279.72548,-6.06521036860455,0.164612453746109,5.03265214104132,5.28018111831134,258243.8828125,86081.2942708333,-7.0036209128423,89701.4264620166,-1.10514117617291,-2.42095115730561,-1.41525940303483,268993.439870113,3.1798862902452,5.36264887529079,2.82278241858052,-1.02245525195988,2.51748818760178,2.93363319599574,,,,,0,0,0.561740428843263,-24.0456116864141,-2.78620397908812,0.610190808080808,-24.0075465503214,-1.82628246955072,0.334993553718643,-33.1116014504757,-1.53080254746065,-0.0537405628895138,-76.2506232231177,1.64756679155129,27.4231902110929,7.05306989775707,2.73926738323829,33.5038235658909,17.1522410370276,-1.70033254633875,603.413788126225,-65.5092514914514,10.770009651477,0,0,0,0,0,0,0,0,0
SLV,2024 Q2,2024,2,8909330000,5.65,8755705658.25,-0.343809604137683,4.25036478670363,3.26789882038148,8909330000,8792053184.01962,5.65316591996318,0.949529576393035,4.25036478670363,3.84009625075168,296024.09375,98674.6979166667,14.6296634507043,89657.5342349041,-0.0489314705949416,-7.41545102730238,-7.11862011833036,184189.250940613,2.17737976866425,-31.5264896312895,2.45494733567992,-13.0309399860005,-20.0548438959492,-17.2325607913677,,,,,0,0,0.72113373234964,28.3749033044674,-4.19728081525014,0.711981666666667,16.6818079259526,1.34029761499543,0.412554227636144,23.1528854978038,-9.59624014618895,-0.231164500159633,330.14901171558,7.24720522431339,26.0883676786666,-4.86749543780787,-2.97019506622123,30.0809070540947,-10.2164951563349,-2.88147388878085,9170.20500883623,1419.72082661757,76.45466271507,1,1,0,0,0,1,0,0,0
SLV,2024 Q3,2024,3,8637570000,-3.05,8763355633.18,0.0873713122458859,2.05237326704364,2.06877659707497,8637570000,8761960828.03217,-3.05028548723641,-0.342267674655873,2.05237326704363,2.13141129638773,224024.01171875,74674.6705729167,-24.3223722498939,86204.6705477357,-3.85116958282819,-13.5580315325626,-8.71436877388435,243471.555154152,2.87818119532284,32.1855395528226,3.12275625225144,27.202576074267,9.30866464118591,7.58279933334205,,,,,0,0,0.797972751584413,10.6553078559247,-0.400934568095018,0.823199646464647,15.6209050042927,0.0936311763138877,0.540489789762108,31.0106050443379,-0.709295317200512,-0.303483304544366,31.2845633022339,-2.0967199072287,25.3987040133761,-2.6435677148726,-2.38839766340347,27.6468876450124,-8.09157584478793,-3.97299267804099,8892.7047635553,-3.02610732272111,6.92214075506205,0,0,0,0,0,0,0,0,0
